order_id,state,status,delivery_days,delivery_status
ORD000002,Rajasthan,delivered,8.0,Late
ORD000003,Odisha,delivered,11.0,Late
ORD000007,Telangana,delivered,8.0,On Time
ORD000015,Delhi,delivered,4.0,On Time
ORD000016,Maharashtra,delivered,4.0,On Time
ORD000018,Maharashtra,delivered,12.0,Late
ORD000019,Uttar Pradesh,delivered,6.0,On Time
ORD000020,Maharashtra,delivered,8.0,On Time
ORD000021,Madhya Pradesh,delivered,9.0,Late
ORD000022,Delhi,delivered,7.0,Late
ORD000024,Haryana,delivered,8.0,On Time
ORD000025,Uttar Pradesh,delivered,6.0,On Time
ORD000028,Maharashtra,delivered,10.0,On Time
ORD000029,Uttar Pradesh,delivered,10.0,Late
ORD000031,Maharashtra,delivered,7.0,Late
ORD000032,Karnataka,delivered,7.0,Late
ORD000034,Bihar,delivered,12.0,Late
ORD000036,Odisha,delivered,7.0,Late
ORD000037,Uttar Pradesh,delivered,8.0,Late
ORD000038,West Bengal,delivered,10.0,Late
ORD000041,Karnataka,delivered,11.0,Late
ORD000042,Telangana,delivered,9.0,Late
ORD000043,Delhi,delivered,6.0,On Time
ORD000044,Rajasthan,delivered,10.0,On Time
ORD000046,Telangana,delivered,10.0,Late
ORD000047,Karnataka,delivered,12.0,Late
ORD000050,West Bengal,delivered,9.0,Late
ORD000051,Bihar,delivered,9.0,Late
ORD000054,Kerala,delivered,7.0,Late
ORD000055,Kerala,delivered,2.0,On Time
ORD000056,Tamil Nadu,delivered,6.0,On Time
ORD000060,Karnataka,delivered,2.0,On Time
ORD000061,Madhya Pradesh,delivered,11.0,Late
ORD000062,Maharashtra,delivered,4.0,On Time
ORD000065,Delhi,delivered,13.0,Late
ORD000067,Odisha,delivered,13.0,Late
ORD000068,Odisha,delivered,6.0,Late
ORD000069,Maharashtra,delivered,5.0,On Time
ORD000070,West Bengal,delivered,7.0,Late
ORD000074,Bihar,delivered,13.0,Late
ORD000076,Tamil Nadu,delivered,12.0,Late
ORD000077,Gujarat,delivered,5.0,On Time
ORD000082,Maharashtra,delivered,5.0,Late
ORD000085,Delhi,delivered,9.0,Late
ORD000086,Gujarat,delivered,2.0,On Time
ORD000088,West Bengal,delivered,6.0,On Time
ORD000091,Telangana,delivered,10.0,Late
ORD000092,Telangana,delivered,7.0,On Time
ORD000095,Maharashtra,delivered,11.0,Late
ORD000098,Delhi,delivered,7.0,On Time
ORD000099,Kerala,delivered,7.0,On Time
ORD000100,Rajasthan,delivered,10.0,Late
ORD000101,Odisha,delivered,14.0,Late
ORD000107,Tamil Nadu,delivered,9.0,Late
ORD000108,Gujarat,delivered,2.0,On Time
ORD000109,West Bengal,delivered,11.0,Late
ORD000112,Rajasthan,delivered,11.0,Late
ORD000113,Haryana,delivered,9.0,Late
ORD000116,Maharashtra,delivered,5.0,On Time
ORD000121,Madhya Pradesh,delivered,3.0,On Time
ORD000129,Odisha,delivered,3.0,On Time
ORD000130,Delhi,delivered,5.0,Late
ORD000131,West Bengal,delivered,11.0,Late
ORD000132,Tamil Nadu,delivered,12.0,Late
ORD000136,Karnataka,delivered,9.0,On Time
ORD000140,Pune,delivered,5.0,Late
ORD000141,Bihar,delivered,12.0,Late
ORD000143,Bihar,delivered,6.0,On Time
ORD000147,West Bengal,delivered,11.0,Late
ORD000150,Odisha,delivered,12.0,Late
ORD000151,Maharashtra,delivered,5.0,Late
ORD000152,Karnataka,delivered,11.0,Late
ORD000155,Haryana,delivered,8.0,Late
ORD000158,Gujarat,delivered,7.0,On Time
ORD000159,Karnataka,delivered,7.0,Late
ORD000168,West Bengal,delivered,3.0,On Time
ORD000170,Bihar,delivered,10.0,Late
ORD000171,Madhya Pradesh,delivered,4.0,On Time
ORD000173,Madhya Pradesh,delivered,10.0,Late
ORD000177,Pune,delivered,8.0,On Time
ORD000179,Telangana,delivered,5.0,On Time
ORD000181,Tamil Nadu,delivered,8.0,Late
ORD000184,Karnataka,delivered,12.0,Late
ORD000185,Madhya Pradesh,delivered,9.0,On Time
ORD000186,Delhi,delivered,12.0,Late
ORD000187,Karnataka,delivered,9.0,On Time
ORD000189,Delhi,delivered,3.0,On Time
ORD000191,Gujarat,delivered,13.0,Late
ORD000192,Kerala,delivered,5.0,Late
ORD000195,Haryana,delivered,13.0,Late
ORD000197,Telangana,delivered,14.0,Late
ORD000200,Madhya Pradesh,delivered,2.0,On Time
ORD000201,Kerala,delivered,2.0,On Time
ORD000202,Tamil Nadu,delivered,9.0,On Time
ORD000205,Bihar,delivered,1.0,On Time
ORD000207,West Bengal,delivered,10.0,Late
ORD000208,Kerala,delivered,14.0,Late
ORD000210,Gujarat,delivered,10.0,Late
ORD000212,Delhi,delivered,7.0,On Time
ORD000213,Bihar,delivered,3.0,On Time
ORD000214,Bihar,delivered,4.0,On Time
ORD000217,Bihar,delivered,3.0,On Time
ORD000225,West Bengal,delivered,6.0,On Time
ORD000227,Uttar Pradesh,delivered,12.0,Late
ORD000228,Karnataka,delivered,6.0,On Time
ORD000231,Telangana,delivered,10.0,Late
ORD000232,Bihar,delivered,12.0,Late
ORD000234,Madhya Pradesh,delivered,13.0,Late
ORD000236,Kerala,delivered,13.0,Late
ORD000239,Gujarat,delivered,11.0,Late
ORD000243,West Bengal,delivered,11.0,Late
ORD000244,Telangana,delivered,5.0,Late
ORD000247,Pune,delivered,2.0,On Time
ORD000248,Telangana,delivered,6.0,On Time
ORD000249,Odisha,delivered,2.0,On Time
ORD000251,Pune,delivered,7.0,Late
ORD000255,Madhya Pradesh,delivered,9.0,Late
ORD000256,Maharashtra,delivered,7.0,Late
ORD000261,Telangana,delivered,13.0,Late
ORD000262,West Bengal,delivered,10.0,Late
ORD000265,Odisha,delivered,10.0,Late
ORD000266,Karnataka,delivered,6.0,On Time
ORD000269,Gujarat,delivered,4.0,On Time
ORD000271,Bihar,delivered,8.0,Late
ORD000272,Haryana,delivered,13.0,Late
ORD000274,Kerala,delivered,10.0,Late
ORD000275,Delhi,delivered,12.0,Late
ORD000276,Rajasthan,delivered,7.0,On Time
ORD000277,Bihar,delivered,7.0,Late
ORD000278,Kerala,delivered,9.0,On Time
ORD000279,Tamil Nadu,delivered,10.0,On Time
ORD000284,Maharashtra,delivered,4.0,On Time
ORD000285,Rajasthan,delivered,8.0,On Time
ORD000286,Madhya Pradesh,delivered,9.0,Late
ORD000287,Maharashtra,delivered,8.0,Late
ORD000289,Uttar Pradesh,delivered,9.0,Late
ORD000290,Bihar,delivered,10.0,Late
ORD000291,Delhi,delivered,13.0,Late
ORD000292,Delhi,delivered,9.0,Late
ORD000294,West Bengal,delivered,10.0,Late
ORD000295,Bihar,delivered,5.0,On Time
ORD000296,Maharashtra,delivered,6.0,Late
ORD000302,Uttar Pradesh,delivered,5.0,On Time
ORD000303,Bihar,delivered,2.0,On Time
ORD000304,Uttar Pradesh,delivered,8.0,Late
ORD000306,Rajasthan,delivered,2.0,On Time
ORD000307,Madhya Pradesh,delivered,5.0,Late
ORD000310,Uttar Pradesh,delivered,10.0,Late
ORD000313,Pune,delivered,10.0,Late
ORD000316,Haryana,delivered,10.0,Late
ORD000317,Tamil Nadu,delivered,3.0,On Time
ORD000318,Tamil Nadu,delivered,5.0,Late
ORD000319,Haryana,delivered,12.0,Late
ORD000321,Delhi,delivered,8.0,On Time
ORD000323,Bihar,delivered,8.0,Late
ORD000324,Telangana,delivered,5.0,On Time
ORD000327,Pune,delivered,8.0,Late
ORD000330,Gujarat,delivered,4.0,On Time
ORD000334,Karnataka,delivered,2.0,On Time
ORD000337,Karnataka,delivered,6.0,On Time
ORD000339,Pune,delivered,15.0,Late
ORD000342,Tamil Nadu,delivered,8.0,On Time
ORD000343,Odisha,delivered,7.0,Late
ORD000347,Kerala,delivered,13.0,Late
ORD000348,Gujarat,delivered,8.0,Late
ORD000351,Madhya Pradesh,delivered,9.0,Late
ORD000353,Bihar,delivered,8.0,On Time
ORD000354,Maharashtra,delivered,6.0,On Time
ORD000355,Haryana,delivered,11.0,Late
ORD000357,Odisha,delivered,14.0,Late
ORD000363,Gujarat,delivered,2.0,On Time
ORD000365,Haryana,delivered,10.0,Late
ORD000366,Tamil Nadu,delivered,13.0,Late
ORD000367,Pune,delivered,4.0,On Time
ORD000369,Bihar,delivered,4.0,On Time
ORD000371,Kerala,delivered,14.0,Late
ORD000374,Gujarat,delivered,11.0,Late
ORD000377,Rajasthan,delivered,7.0,Late
ORD000378,Telangana,delivered,11.0,Late
ORD000379,Maharashtra,delivered,11.0,Late
ORD000381,Karnataka,delivered,6.0,Late
ORD000382,Bihar,delivered,15.0,Late
ORD000383,Karnataka,delivered,11.0,Late
ORD000384,Odisha,delivered,14.0,Late
ORD000385,Gujarat,delivered,6.0,Late
ORD000386,Telangana,delivered,12.0,Late
ORD000388,West Bengal,delivered,12.0,Late
ORD000389,Gujarat,delivered,12.0,Late
ORD000392,Haryana,delivered,12.0,Late
ORD000393,Karnataka,delivered,10.0,Late
ORD000395,Delhi,delivered,7.0,Late
ORD000396,Kerala,delivered,13.0,Late
ORD000397,Madhya Pradesh,delivered,10.0,Late
ORD000400,Pune,delivered,7.0,Late
ORD000401,Karnataka,delivered,5.0,Late
ORD000402,Pune,delivered,6.0,On Time
ORD000403,Telangana,delivered,7.0,On Time
ORD000405,Bihar,delivered,10.0,Late
ORD000407,Madhya Pradesh,delivered,6.0,Late
ORD000410,Odisha,delivered,5.0,On Time
ORD000412,West Bengal,delivered,6.0,Late
ORD000414,Karnataka,delivered,7.0,Late
ORD000417,Tamil Nadu,delivered,9.0,Late
ORD000419,Rajasthan,delivered,5.0,Late
ORD000421,Karnataka,delivered,6.0,Late
ORD000422,Tamil Nadu,delivered,10.0,Late
ORD000423,Uttar Pradesh,delivered,5.0,On Time
ORD000429,Uttar Pradesh,delivered,14.0,Late
ORD000431,Karnataka,delivered,5.0,On Time
ORD000432,Karnataka,delivered,11.0,Late
ORD000434,West Bengal,delivered,10.0,On Time
ORD000435,Madhya Pradesh,delivered,4.0,On Time
ORD000436,Haryana,delivered,8.0,Late
ORD000439,Delhi,delivered,4.0,Late
ORD000441,Gujarat,delivered,12.0,Late
ORD000445,Kerala,delivered,6.0,Late
ORD000446,West Bengal,delivered,7.0,On Time
ORD000447,Bihar,delivered,10.0,On Time
ORD000452,Rajasthan,delivered,12.0,Late
ORD000453,Pune,delivered,13.0,Late
ORD000455,Tamil Nadu,delivered,6.0,Late
ORD000456,Madhya Pradesh,delivered,13.0,Late
ORD000457,Tamil Nadu,delivered,11.0,Late
ORD000458,Odisha,delivered,4.0,On Time
ORD000459,Pune,delivered,6.0,On Time
ORD000460,Delhi,delivered,12.0,Late
ORD000466,Madhya Pradesh,delivered,8.0,On Time
ORD000470,Madhya Pradesh,delivered,3.0,On Time
ORD000473,Kerala,delivered,4.0,On Time
ORD000481,Haryana,delivered,13.0,Late
ORD000482,Haryana,delivered,5.0,On Time
ORD000484,Karnataka,delivered,9.0,Late
ORD000485,Kerala,delivered,8.0,On Time
ORD000486,Kerala,delivered,5.0,On Time
ORD000487,Delhi,delivered,9.0,Late
ORD000491,Kerala,delivered,5.0,On Time
ORD000493,Odisha,delivered,12.0,Late
ORD000495,Haryana,delivered,9.0,On Time
ORD000496,Karnataka,delivered,3.0,On Time
ORD000502,Pune,delivered,10.0,Late
ORD000503,Rajasthan,delivered,9.0,Late
ORD000508,West Bengal,delivered,7.0,Late
ORD000509,Rajasthan,delivered,14.0,Late
ORD000512,Gujarat,delivered,15.0,Late
ORD000515,Kerala,delivered,4.0,On Time
ORD000516,Gujarat,delivered,8.0,Late
ORD000518,Madhya Pradesh,delivered,9.0,Late
ORD000521,West Bengal,delivered,6.0,Late
ORD000523,Rajasthan,delivered,4.0,Late
ORD000525,Maharashtra,delivered,2.0,On Time
ORD000528,Delhi,delivered,7.0,Late
ORD000530,Haryana,delivered,7.0,Late
ORD000532,Telangana,delivered,14.0,Late
ORD000534,Maharashtra,delivered,7.0,On Time
ORD000535,Gujarat,delivered,10.0,Late
ORD000536,Kerala,delivered,9.0,Late
ORD000538,Delhi,delivered,8.0,On Time
ORD000539,Kerala,delivered,14.0,Late
ORD000540,Madhya Pradesh,delivered,9.0,Late
ORD000541,Tamil Nadu,delivered,11.0,Late
ORD000545,Tamil Nadu,delivered,11.0,Late
ORD000546,Odisha,delivered,1.0,On Time
ORD000547,Tamil Nadu,delivered,6.0,On Time
ORD000550,Tamil Nadu,delivered,7.0,Late
ORD000554,Rajasthan,delivered,8.0,On Time
ORD000555,Haryana,delivered,7.0,On Time
ORD000556,Bihar,delivered,9.0,Late
ORD000564,Maharashtra,delivered,6.0,On Time
ORD000566,Pune,delivered,13.0,Late
ORD000567,Uttar Pradesh,delivered,8.0,Late
ORD000568,Odisha,delivered,7.0,On Time
ORD000569,Karnataka,delivered,7.0,Late
ORD000570,Telangana,delivered,10.0,Late
ORD000572,Pune,delivered,12.0,Late
ORD000576,Madhya Pradesh,delivered,11.0,Late
ORD000577,Tamil Nadu,delivered,6.0,On Time
ORD000579,Karnataka,delivered,3.0,On Time
ORD000580,Maharashtra,delivered,11.0,Late
ORD000582,Pune,delivered,7.0,Late
ORD000583,Tamil Nadu,delivered,8.0,Late
ORD000587,Delhi,delivered,13.0,Late
ORD000592,Telangana,delivered,8.0,On Time
ORD000597,Madhya Pradesh,delivered,8.0,On Time
ORD000598,Tamil Nadu,delivered,10.0,Late
ORD000599,Bihar,delivered,13.0,Late
ORD000600,Karnataka,delivered,10.0,Late
ORD000601,Uttar Pradesh,delivered,6.0,Late
ORD000602,Bihar,delivered,11.0,Late
ORD000605,Telangana,delivered,8.0,On Time
ORD000608,Odisha,delivered,4.0,Late
ORD000610,Rajasthan,delivered,8.0,On Time
ORD000611,Gujarat,delivered,9.0,On Time
ORD000613,Pune,delivered,4.0,On Time
ORD000618,Pune,delivered,10.0,On Time
ORD000619,Maharashtra,delivered,7.0,Late
ORD000620,Bihar,delivered,8.0,Late
ORD000621,Bihar,delivered,4.0,On Time
ORD000622,Karnataka,delivered,12.0,Late
ORD000625,Tamil Nadu,delivered,9.0,Late
ORD000626,Gujarat,delivered,13.0,Late
ORD000628,Kerala,delivered,11.0,Late
ORD000630,Gujarat,delivered,7.0,Late
ORD000631,Haryana,delivered,11.0,Late
ORD000633,Kerala,delivered,9.0,Late
ORD000636,Delhi,delivered,2.0,On Time
ORD000637,West Bengal,delivered,9.0,On Time
ORD000638,Kerala,delivered,6.0,Late
ORD000639,Telangana,delivered,13.0,Late
ORD000641,Madhya Pradesh,delivered,6.0,On Time
ORD000642,Kerala,delivered,7.0,On Time
ORD000643,Tamil Nadu,delivered,8.0,On Time
ORD000644,Haryana,delivered,8.0,On Time
ORD000645,Tamil Nadu,delivered,12.0,Late
ORD000646,Odisha,delivered,5.0,On Time
ORD000648,Rajasthan,delivered,3.0,On Time
ORD000649,Karnataka,delivered,14.0,Late
ORD000652,Pune,delivered,6.0,Late
ORD000659,Uttar Pradesh,delivered,7.0,Late
ORD000662,Bihar,delivered,13.0,Late
ORD000665,Karnataka,delivered,12.0,Late
ORD000668,Rajasthan,delivered,3.0,On Time
ORD000675,Maharashtra,delivered,9.0,On Time
ORD000679,Tamil Nadu,delivered,8.0,On Time
ORD000680,Pune,delivered,11.0,Late
ORD000685,Haryana,delivered,8.0,On Time
ORD000687,Odisha,delivered,7.0,On Time
ORD000690,Kerala,delivered,8.0,Late
ORD000692,Haryana,delivered,4.0,On Time
ORD000695,Uttar Pradesh,delivered,8.0,Late
ORD000701,West Bengal,delivered,9.0,Late
ORD000706,Telangana,delivered,5.0,Late
ORD000708,Haryana,delivered,7.0,On Time
ORD000710,Madhya Pradesh,delivered,7.0,Late
ORD000711,Karnataka,delivered,12.0,Late
ORD000713,West Bengal,delivered,8.0,On Time
ORD000716,Tamil Nadu,delivered,9.0,On Time
ORD000717,Uttar Pradesh,delivered,9.0,Late
ORD000718,Karnataka,delivered,13.0,Late
ORD000721,Tamil Nadu,delivered,9.0,On Time
ORD000722,Gujarat,delivered,6.0,Late
ORD000723,Rajasthan,delivered,8.0,Late
ORD000725,Pune,delivered,8.0,Late
ORD000727,Odisha,delivered,5.0,On Time
ORD000728,Telangana,delivered,12.0,Late
ORD000729,Pune,delivered,11.0,Late
ORD000730,Pune,delivered,7.0,Late
ORD000732,Maharashtra,delivered,8.0,On Time
ORD000738,Telangana,delivered,12.0,Late
ORD000740,Telangana,delivered,8.0,Late
ORD000741,Delhi,delivered,10.0,Late
ORD000742,Delhi,delivered,11.0,Late
ORD000746,Tamil Nadu,delivered,6.0,Late
ORD000747,Gujarat,delivered,4.0,On Time
ORD000751,Odisha,delivered,8.0,Late
ORD000752,Karnataka,delivered,10.0,On Time
ORD000756,Bihar,delivered,8.0,On Time
ORD000758,Madhya Pradesh,delivered,4.0,On Time
ORD000759,Odisha,delivered,12.0,Late
ORD000760,Odisha,delivered,8.0,On Time
ORD000762,Odisha,delivered,9.0,Late
ORD000767,Telangana,delivered,6.0,On Time
ORD000771,Delhi,delivered,3.0,On Time
ORD000772,Delhi,delivered,14.0,Late
ORD000775,Telangana,delivered,7.0,Late
ORD000776,Uttar Pradesh,delivered,6.0,On Time
ORD000779,Odisha,delivered,9.0,On Time
ORD000781,Uttar Pradesh,delivered,12.0,Late
ORD000784,Madhya Pradesh,delivered,3.0,On Time
ORD000785,Gujarat,delivered,6.0,On Time
ORD000788,West Bengal,delivered,9.0,Late
ORD000790,Kerala,delivered,5.0,Late
ORD000792,Karnataka,delivered,7.0,Late
ORD000793,Bihar,delivered,13.0,Late
ORD000795,Odisha,delivered,3.0,On Time
ORD000796,Odisha,delivered,6.0,On Time
ORD000799,Tamil Nadu,delivered,4.0,On Time
ORD000800,Tamil Nadu,delivered,8.0,On Time
ORD000802,Bihar,delivered,11.0,Late
ORD000803,Uttar Pradesh,delivered,6.0,On Time
ORD000804,Rajasthan,delivered,12.0,Late
ORD000807,Gujarat,delivered,11.0,Late
ORD000808,Uttar Pradesh,delivered,7.0,On Time
ORD000809,Karnataka,delivered,2.0,On Time
ORD000810,Delhi,delivered,12.0,Late
ORD000811,West Bengal,delivered,3.0,On Time
ORD000813,Rajasthan,delivered,11.0,Late
ORD000814,Tamil Nadu,delivered,4.0,On Time
ORD000815,Gujarat,delivered,5.0,Late
ORD000817,Delhi,delivered,10.0,Late
ORD000820,Odisha,delivered,7.0,On Time
ORD000821,Telangana,delivered,8.0,Late
ORD000822,Karnataka,delivered,3.0,On Time
ORD000823,Gujarat,delivered,2.0,On Time
ORD000824,Delhi,delivered,10.0,Late
ORD000825,Delhi,delivered,12.0,Late
ORD000829,Bihar,delivered,8.0,On Time
ORD000832,Tamil Nadu,delivered,11.0,Late
ORD000836,Telangana,delivered,4.0,On Time
ORD000837,Haryana,delivered,10.0,Late
ORD000838,Telangana,delivered,8.0,On Time
ORD000839,Uttar Pradesh,delivered,14.0,Late
ORD000840,Karnataka,delivered,3.0,On Time
ORD000841,Haryana,delivered,6.0,On Time
ORD000842,Madhya Pradesh,delivered,9.0,Late
ORD000848,Maharashtra,delivered,10.0,Late
ORD000850,Odisha,delivered,8.0,Late
ORD000851,Bihar,delivered,10.0,Late
ORD000854,Telangana,delivered,9.0,Late
ORD000856,Haryana,delivered,7.0,Late
ORD000857,Odisha,delivered,4.0,Late
ORD000858,Karnataka,delivered,3.0,On Time
ORD000859,Tamil Nadu,delivered,12.0,Late
ORD000863,Kerala,delivered,5.0,Late
ORD000864,Uttar Pradesh,delivered,9.0,Late
ORD000866,Gujarat,delivered,9.0,On Time
ORD000869,Tamil Nadu,delivered,8.0,Late
ORD000871,Delhi,delivered,6.0,Late
ORD000873,Karnataka,delivered,5.0,On Time
ORD000878,Gujarat,delivered,6.0,On Time
ORD000879,Karnataka,delivered,6.0,On Time
ORD000885,Karnataka,delivered,8.0,Late
ORD000886,Bihar,delivered,2.0,On Time
ORD000889,Odisha,delivered,6.0,Late
ORD000890,Karnataka,delivered,8.0,Late
ORD000891,Madhya Pradesh,delivered,12.0,Late
ORD000893,Bihar,delivered,10.0,Late
ORD000894,Gujarat,delivered,8.0,Late
ORD000896,Uttar Pradesh,delivered,9.0,Late
ORD000899,Rajasthan,delivered,12.0,Late
ORD000904,Bihar,delivered,14.0,Late
ORD000905,Rajasthan,delivered,8.0,On Time
ORD000908,Tamil Nadu,delivered,5.0,Late
ORD000912,Telangana,delivered,6.0,Late
ORD000914,Haryana,delivered,14.0,Late
ORD000916,Pune,delivered,8.0,Late
ORD000917,Madhya Pradesh,delivered,11.0,Late
ORD000919,Delhi,delivered,11.0,Late
ORD000920,Karnataka,delivered,3.0,On Time
ORD000921,Maharashtra,delivered,11.0,Late
ORD000922,Uttar Pradesh,delivered,7.0,On Time
ORD000923,Tamil Nadu,delivered,12.0,Late
ORD000924,Tamil Nadu,delivered,9.0,Late
ORD000926,Pune,delivered,10.0,Late
ORD000927,Pune,delivered,8.0,On Time
ORD000928,Gujarat,delivered,9.0,Late
ORD000931,Gujarat,delivered,10.0,Late
ORD000936,Gujarat,delivered,7.0,Late
ORD000937,Madhya Pradesh,delivered,7.0,On Time
ORD000938,Maharashtra,delivered,5.0,Late
ORD000945,Haryana,delivered,12.0,Late
ORD000946,Uttar Pradesh,delivered,7.0,On Time
ORD000947,Bihar,delivered,9.0,Late
ORD000949,Haryana,delivered,3.0,On Time
ORD000951,Karnataka,delivered,14.0,Late
ORD000952,Rajasthan,delivered,10.0,Late
ORD000953,Uttar Pradesh,delivered,11.0,Late
ORD000954,Delhi,delivered,11.0,Late
ORD000957,Madhya Pradesh,delivered,12.0,Late
ORD000958,Bihar,delivered,8.0,Late
ORD000959,West Bengal,delivered,5.0,On Time
ORD000964,Maharashtra,delivered,12.0,Late
ORD000966,Rajasthan,delivered,12.0,Late
ORD000967,Bihar,delivered,7.0,On Time
ORD000972,Maharashtra,delivered,7.0,Late
ORD000975,Kerala,delivered,10.0,Late
ORD000976,Madhya Pradesh,delivered,9.0,Late
ORD000977,Maharashtra,delivered,12.0,Late
ORD000980,Maharashtra,delivered,11.0,Late
ORD000981,Rajasthan,delivered,11.0,Late
ORD000982,Pune,delivered,6.0,On Time
ORD000985,Karnataka,delivered,10.0,Late
ORD000988,Tamil Nadu,delivered,8.0,Late
ORD000989,Uttar Pradesh,delivered,9.0,Late
ORD000991,Tamil Nadu,delivered,3.0,On Time
ORD000992,Karnataka,delivered,6.0,On Time
ORD000994,Delhi,delivered,8.0,On Time
ORD000995,Tamil Nadu,delivered,3.0,On Time
ORD000997,Uttar Pradesh,delivered,7.0,Late
ORD000998,Maharashtra,delivered,6.0,On Time
ORD000999,Maharashtra,delivered,12.0,Late
ORD001002,West Bengal,delivered,5.0,Late
ORD001006,Uttar Pradesh,delivered,3.0,On Time
ORD001007,Uttar Pradesh,delivered,8.0,Late
ORD001008,Pune,delivered,3.0,On Time
ORD001009,Kerala,delivered,9.0,Late
ORD001011,Kerala,delivered,1.0,On Time
ORD001012,Bihar,delivered,6.0,On Time
ORD001013,Pune,delivered,11.0,Late
ORD001014,Uttar Pradesh,delivered,13.0,Late
ORD001016,Rajasthan,delivered,6.0,On Time
ORD001017,Delhi,delivered,6.0,Late
ORD001018,Pune,delivered,7.0,Late
ORD001019,West Bengal,delivered,4.0,On Time
ORD001021,Odisha,delivered,6.0,Late
ORD001023,Madhya Pradesh,delivered,7.0,On Time
ORD001025,Madhya Pradesh,delivered,7.0,On Time
ORD001026,Odisha,delivered,8.0,Late
ORD001027,Maharashtra,delivered,6.0,On Time
ORD001028,Telangana,delivered,12.0,Late
ORD001031,Gujarat,delivered,14.0,Late
ORD001032,West Bengal,delivered,10.0,Late
ORD001033,Bihar,delivered,10.0,Late
ORD001034,Pune,delivered,8.0,Late
ORD001036,Maharashtra,delivered,6.0,On Time
ORD001037,Kerala,delivered,10.0,Late
ORD001039,Maharashtra,delivered,10.0,Late
ORD001040,Pune,delivered,11.0,Late
ORD001044,Rajasthan,delivered,7.0,Late
ORD001045,West Bengal,delivered,5.0,On Time
ORD001047,Kerala,delivered,10.0,Late
ORD001049,Pune,delivered,3.0,On Time
ORD001051,Tamil Nadu,delivered,10.0,Late
ORD001052,Odisha,delivered,9.0,Late
ORD001053,Odisha,delivered,6.0,Late
ORD001055,Telangana,delivered,8.0,Late
ORD001056,Haryana,delivered,11.0,Late
ORD001062,Tamil Nadu,delivered,10.0,Late
ORD001063,Odisha,delivered,8.0,Late
ORD001064,Tamil Nadu,delivered,6.0,On Time
ORD001066,Madhya Pradesh,delivered,11.0,Late
ORD001067,Gujarat,delivered,7.0,Late
ORD001071,Rajasthan,delivered,6.0,Late
ORD001074,Maharashtra,delivered,4.0,On Time
ORD001077,Bihar,delivered,12.0,Late
ORD001079,Bihar,delivered,9.0,Late
ORD001081,Maharashtra,delivered,7.0,Late
ORD001082,Odisha,delivered,14.0,Late
ORD001084,Maharashtra,delivered,4.0,Late
ORD001085,Haryana,delivered,5.0,On Time
ORD001089,Pune,delivered,8.0,On Time
ORD001092,Kerala,delivered,8.0,Late
ORD001093,Tamil Nadu,delivered,7.0,Late
ORD001096,Telangana,delivered,15.0,Late
ORD001100,Rajasthan,delivered,3.0,On Time
ORD001104,Tamil Nadu,delivered,5.0,Late
ORD001106,Bihar,delivered,5.0,On Time
ORD001107,West Bengal,delivered,6.0,Late
ORD001108,Rajasthan,delivered,9.0,On Time
ORD001109,Uttar Pradesh,delivered,11.0,Late
ORD001110,West Bengal,delivered,5.0,Late
ORD001111,West Bengal,delivered,8.0,On Time
ORD001114,Kerala,delivered,10.0,Late
ORD001119,Madhya Pradesh,delivered,8.0,On Time
ORD001120,Odisha,delivered,13.0,Late
ORD001124,Tamil Nadu,delivered,4.0,Late
ORD001125,Telangana,delivered,5.0,On Time
ORD001126,Gujarat,delivered,8.0,Late
ORD001127,Telangana,delivered,9.0,Late
ORD001128,Odisha,delivered,1.0,On Time
ORD001130,Tamil Nadu,delivered,7.0,On Time
ORD001131,Delhi,delivered,6.0,Late
ORD001133,Delhi,delivered,5.0,Late
ORD001134,Kerala,delivered,15.0,Late
ORD001138,Telangana,delivered,8.0,On Time
ORD001143,Delhi,delivered,4.0,Late
ORD001145,Telangana,delivered,9.0,Late
ORD001146,Pune,delivered,12.0,Late
ORD001147,Tamil Nadu,delivered,2.0,On Time
ORD001149,Bihar,delivered,1.0,On Time
ORD001150,Uttar Pradesh,delivered,10.0,On Time
ORD001151,Haryana,delivered,8.0,On Time
ORD001152,Tamil Nadu,delivered,11.0,Late
ORD001154,Gujarat,delivered,9.0,On Time
ORD001157,Gujarat,delivered,9.0,Late
ORD001160,Kerala,delivered,13.0,Late
ORD001161,Odisha,delivered,8.0,Late
ORD001162,West Bengal,delivered,8.0,Late
ORD001165,Tamil Nadu,delivered,6.0,Late
ORD001167,West Bengal,delivered,7.0,On Time
ORD001168,Madhya Pradesh,delivered,12.0,Late
ORD001174,Bihar,delivered,2.0,On Time
ORD001175,Haryana,delivered,9.0,Late
ORD001176,West Bengal,delivered,6.0,Late
ORD001177,Odisha,delivered,1.0,On Time
ORD001179,Pune,delivered,10.0,Late
ORD001183,Odisha,delivered,12.0,Late
ORD001191,Telangana,delivered,13.0,Late
ORD001193,Gujarat,delivered,9.0,Late
ORD001195,Bihar,delivered,10.0,Late
ORD001196,Maharashtra,delivered,11.0,Late
ORD001197,Bihar,delivered,7.0,On Time
ORD001198,Bihar,delivered,5.0,On Time
ORD001201,Telangana,delivered,10.0,On Time
ORD001204,Maharashtra,delivered,13.0,Late
ORD001205,Rajasthan,delivered,8.0,Late
ORD001206,Odisha,delivered,6.0,On Time
ORD001207,Uttar Pradesh,delivered,3.0,On Time
ORD001209,Madhya Pradesh,delivered,12.0,Late
ORD001211,Gujarat,delivered,10.0,On Time
ORD001212,Pune,delivered,6.0,Late
ORD001214,Tamil Nadu,delivered,12.0,Late
ORD001215,Delhi,delivered,8.0,Late
ORD001216,Delhi,delivered,8.0,Late
ORD001217,Maharashtra,delivered,10.0,Late
ORD001218,Uttar Pradesh,delivered,6.0,On Time
ORD001219,Odisha,delivered,15.0,Late
ORD001220,Kerala,delivered,3.0,On Time
ORD001221,Tamil Nadu,delivered,9.0,On Time
ORD001223,Pune,delivered,11.0,Late
ORD001224,Tamil Nadu,delivered,5.0,Late
ORD001225,Rajasthan,delivered,7.0,Late
ORD001226,Gujarat,delivered,10.0,On Time
ORD001227,Delhi,delivered,10.0,Late
ORD001228,Tamil Nadu,delivered,14.0,Late
ORD001229,Uttar Pradesh,delivered,7.0,Late
ORD001230,Haryana,delivered,3.0,On Time
ORD001231,Rajasthan,delivered,10.0,Late
ORD001232,Madhya Pradesh,delivered,7.0,Late
ORD001233,West Bengal,delivered,9.0,Late
ORD001234,Gujarat,delivered,2.0,On Time
ORD001237,Gujarat,delivered,7.0,Late
ORD001238,Gujarat,delivered,4.0,On Time
ORD001239,Haryana,delivered,8.0,Late
ORD001245,Uttar Pradesh,delivered,1.0,On Time
ORD001246,Kerala,delivered,4.0,Late
ORD001247,Odisha,delivered,10.0,Late
ORD001250,Pune,delivered,11.0,Late
ORD001253,Telangana,delivered,8.0,Late
ORD001254,West Bengal,delivered,9.0,On Time
ORD001259,Karnataka,delivered,3.0,On Time
ORD001261,Telangana,delivered,7.0,Late
ORD001262,Maharashtra,delivered,14.0,Late
ORD001263,Kerala,delivered,14.0,Late
ORD001264,Odisha,delivered,8.0,On Time
ORD001266,Karnataka,delivered,12.0,Late
ORD001268,Telangana,delivered,6.0,Late
ORD001269,Bihar,delivered,10.0,Late
ORD001270,Karnataka,delivered,13.0,Late
ORD001271,Pune,delivered,6.0,On Time
ORD001272,Delhi,delivered,4.0,On Time
ORD001273,Telangana,delivered,8.0,On Time
ORD001275,Rajasthan,delivered,10.0,Late
ORD001276,West Bengal,delivered,5.0,Late
ORD001280,Tamil Nadu,delivered,7.0,Late
ORD001281,Tamil Nadu,delivered,8.0,Late
ORD001284,Rajasthan,delivered,6.0,On Time
ORD001285,Karnataka,delivered,4.0,On Time
ORD001286,Rajasthan,delivered,8.0,Late
ORD001287,Bihar,delivered,13.0,Late
ORD001288,Maharashtra,delivered,7.0,Late
ORD001289,Kerala,delivered,8.0,Late
ORD001290,Madhya Pradesh,delivered,2.0,On Time
ORD001291,West Bengal,delivered,12.0,Late
ORD001295,Uttar Pradesh,delivered,7.0,On Time
ORD001297,Haryana,delivered,7.0,On Time
ORD001298,Haryana,delivered,4.0,Late
ORD001300,Haryana,delivered,12.0,Late
ORD001301,Bihar,delivered,8.0,On Time
ORD001302,Tamil Nadu,delivered,7.0,Late
ORD001304,Gujarat,delivered,11.0,Late
ORD001307,West Bengal,delivered,13.0,Late
ORD001308,Telangana,delivered,4.0,Late
ORD001310,Pune,delivered,13.0,Late
ORD001311,Rajasthan,delivered,2.0,On Time
ORD001314,Maharashtra,delivered,7.0,On Time
ORD001315,Karnataka,delivered,13.0,Late
ORD001316,Tamil Nadu,delivered,13.0,Late
ORD001320,Odisha,delivered,8.0,Late
ORD001324,Bihar,delivered,2.0,On Time
ORD001325,Delhi,delivered,10.0,Late
ORD001326,Gujarat,delivered,6.0,On Time
ORD001327,Tamil Nadu,delivered,12.0,Late
ORD001329,Haryana,delivered,12.0,Late
ORD001330,Pune,delivered,11.0,Late
ORD001331,Pune,delivered,9.0,Late
ORD001332,Maharashtra,delivered,10.0,Late
ORD001334,Telangana,delivered,15.0,Late
ORD001335,Pune,delivered,8.0,Late
ORD001336,Kerala,delivered,8.0,Late
ORD001337,Maharashtra,delivered,8.0,Late
ORD001339,Madhya Pradesh,delivered,5.0,On Time
ORD001340,Maharashtra,delivered,6.0,Late
ORD001341,Uttar Pradesh,delivered,8.0,On Time
ORD001345,Odisha,delivered,13.0,Late
ORD001349,Bihar,delivered,9.0,Late
ORD001351,Telangana,delivered,10.0,On Time
ORD001352,Rajasthan,delivered,10.0,Late
ORD001353,Haryana,delivered,7.0,Late
ORD001355,Rajasthan,delivered,11.0,Late
ORD001357,Telangana,delivered,4.0,On Time
ORD001362,Kerala,delivered,9.0,Late
ORD001363,Telangana,delivered,6.0,On Time
ORD001364,Maharashtra,delivered,15.0,Late
ORD001368,Bihar,delivered,13.0,Late
ORD001370,Gujarat,delivered,8.0,On Time
ORD001372,Haryana,delivered,5.0,On Time
ORD001373,Uttar Pradesh,delivered,13.0,Late
ORD001374,Maharashtra,delivered,8.0,Late
ORD001376,Maharashtra,delivered,10.0,Late
ORD001378,Karnataka,delivered,9.0,Late
ORD001381,Rajasthan,delivered,2.0,On Time
ORD001382,West Bengal,delivered,12.0,Late
ORD001383,Telangana,delivered,4.0,On Time
ORD001384,Karnataka,delivered,6.0,Late
ORD001385,Karnataka,delivered,13.0,Late
ORD001386,Kerala,delivered,5.0,On Time
ORD001387,Madhya Pradesh,delivered,9.0,Late
ORD001388,Rajasthan,delivered,10.0,Late
ORD001389,Rajasthan,delivered,7.0,On Time
ORD001390,Odisha,delivered,10.0,Late
ORD001397,West Bengal,delivered,10.0,On Time
ORD001398,Maharashtra,delivered,4.0,On Time
ORD001400,Telangana,delivered,10.0,On Time
ORD001403,Uttar Pradesh,delivered,6.0,On Time
ORD001404,Bihar,delivered,8.0,Late
ORD001406,Rajasthan,delivered,2.0,On Time
ORD001407,West Bengal,delivered,9.0,Late
ORD001410,Kerala,delivered,10.0,Late
ORD001412,Bihar,delivered,4.0,On Time
ORD001416,Madhya Pradesh,delivered,6.0,Late
ORD001417,Madhya Pradesh,delivered,7.0,Late
ORD001418,West Bengal,delivered,5.0,On Time
ORD001419,Karnataka,delivered,6.0,On Time
ORD001420,West Bengal,delivered,9.0,Late
ORD001421,Haryana,delivered,7.0,Late
ORD001422,Haryana,delivered,2.0,On Time
ORD001424,Odisha,delivered,13.0,Late
ORD001425,West Bengal,delivered,11.0,Late
ORD001430,Bihar,delivered,5.0,Late
ORD001431,Tamil Nadu,delivered,11.0,Late
ORD001435,Pune,delivered,6.0,On Time
ORD001436,Tamil Nadu,delivered,2.0,On Time
ORD001441,Pune,delivered,8.0,On Time
ORD001443,Odisha,delivered,4.0,Late
ORD001445,Kerala,delivered,6.0,Late
ORD001449,Telangana,delivered,7.0,Late
ORD001450,Maharashtra,delivered,9.0,Late
ORD001454,Delhi,delivered,9.0,Late
ORD001455,Uttar Pradesh,delivered,11.0,Late
ORD001456,Uttar Pradesh,delivered,10.0,Late
ORD001457,Uttar Pradesh,delivered,6.0,On Time
ORD001458,Kerala,delivered,4.0,Late
ORD001459,Rajasthan,delivered,9.0,Late
ORD001461,Haryana,delivered,8.0,On Time
ORD001466,Uttar Pradesh,delivered,4.0,On Time
ORD001467,Gujarat,delivered,6.0,Late
ORD001468,Madhya Pradesh,delivered,4.0,On Time
ORD001469,West Bengal,delivered,6.0,Late
ORD001473,Telangana,delivered,3.0,On Time
ORD001474,Rajasthan,delivered,13.0,Late
ORD001479,Madhya Pradesh,delivered,1.0,On Time
ORD001480,Maharashtra,delivered,4.0,Late
ORD001485,Kerala,delivered,10.0,Late
ORD001488,Rajasthan,delivered,9.0,Late
ORD001489,Uttar Pradesh,delivered,9.0,On Time
ORD001490,Rajasthan,delivered,9.0,Late
ORD001491,West Bengal,delivered,6.0,On Time
ORD001493,Pune,delivered,11.0,Late
ORD001497,West Bengal,delivered,14.0,Late
ORD001499,Uttar Pradesh,delivered,10.0,Late
ORD001500,Rajasthan,delivered,8.0,Late
ORD001502,Uttar Pradesh,delivered,10.0,Late
ORD001504,Uttar Pradesh,delivered,12.0,Late
ORD001505,Haryana,delivered,13.0,Late
ORD001506,Gujarat,delivered,9.0,Late
ORD001507,Karnataka,delivered,8.0,On Time
ORD001509,Pune,delivered,8.0,Late
ORD001510,Odisha,delivered,8.0,On Time
ORD001511,Maharashtra,delivered,10.0,Late
ORD001514,Telangana,delivered,10.0,Late
ORD001515,Bihar,delivered,4.0,On Time
ORD001517,Uttar Pradesh,delivered,9.0,Late
ORD001519,Delhi,delivered,5.0,On Time
ORD001520,Rajasthan,delivered,10.0,Late
ORD001521,Kerala,delivered,2.0,On Time
ORD001522,Tamil Nadu,delivered,10.0,Late
ORD001531,Maharashtra,delivered,8.0,Late
ORD001532,Rajasthan,delivered,12.0,Late
ORD001533,Pune,delivered,9.0,Late
ORD001534,Telangana,delivered,4.0,On Time
ORD001537,Telangana,delivered,2.0,On Time
ORD001538,Kerala,delivered,5.0,On Time
ORD001540,West Bengal,delivered,8.0,Late
ORD001541,Pune,delivered,4.0,On Time
ORD001543,Tamil Nadu,delivered,11.0,Late
ORD001546,Tamil Nadu,delivered,7.0,Late
ORD001547,Uttar Pradesh,delivered,6.0,Late
ORD001548,West Bengal,delivered,7.0,Late
ORD001550,Gujarat,delivered,10.0,Late
ORD001551,Delhi,delivered,4.0,Late
ORD001553,Odisha,delivered,8.0,Late
ORD001556,Telangana,delivered,8.0,On Time
ORD001557,Kerala,delivered,14.0,Late
ORD001558,Tamil Nadu,delivered,9.0,Late
ORD001561,Madhya Pradesh,delivered,8.0,Late
ORD001563,Maharashtra,delivered,13.0,Late
ORD001569,Karnataka,delivered,12.0,Late
ORD001573,Tamil Nadu,delivered,1.0,On Time
ORD001575,Maharashtra,delivered,8.0,Late
ORD001578,Tamil Nadu,delivered,7.0,Late
ORD001583,Bihar,delivered,7.0,On Time
ORD001586,Rajasthan,delivered,4.0,Late
ORD001587,Haryana,delivered,8.0,On Time
ORD001588,Kerala,delivered,4.0,On Time
ORD001592,West Bengal,delivered,9.0,On Time
ORD001593,Haryana,delivered,8.0,Late
ORD001594,Maharashtra,delivered,5.0,On Time
ORD001595,Bihar,delivered,9.0,On Time
ORD001597,Tamil Nadu,delivered,6.0,On Time
ORD001599,Tamil Nadu,delivered,10.0,Late
ORD001600,Bihar,delivered,4.0,On Time
ORD001601,Maharashtra,delivered,9.0,Late
ORD001602,Karnataka,delivered,12.0,Late
ORD001603,Maharashtra,delivered,9.0,Late
ORD001604,Delhi,delivered,5.0,On Time
ORD001605,West Bengal,delivered,11.0,Late
ORD001606,Haryana,delivered,9.0,Late
ORD001607,Tamil Nadu,delivered,11.0,Late
ORD001608,Delhi,delivered,11.0,Late
ORD001609,Tamil Nadu,delivered,4.0,Late
ORD001610,West Bengal,delivered,7.0,Late
ORD001611,Odisha,delivered,7.0,Late
ORD001613,Kerala,delivered,6.0,Late
ORD001615,Kerala,delivered,9.0,On Time
ORD001616,Odisha,delivered,3.0,On Time
ORD001617,Madhya Pradesh,delivered,9.0,Late
ORD001619,Madhya Pradesh,delivered,14.0,Late
ORD001624,Gujarat,delivered,7.0,Late
ORD001628,Bihar,delivered,9.0,On Time
ORD001630,Tamil Nadu,delivered,6.0,Late
ORD001632,Gujarat,delivered,12.0,Late
ORD001633,Tamil Nadu,delivered,9.0,Late
ORD001634,Kerala,delivered,10.0,On Time
ORD001636,Odisha,delivered,8.0,On Time
ORD001638,Bihar,delivered,8.0,Late
ORD001639,Pune,delivered,8.0,Late
ORD001643,Pune,delivered,8.0,On Time
ORD001644,Delhi,delivered,7.0,On Time
ORD001645,Kerala,delivered,10.0,Late
ORD001647,Tamil Nadu,delivered,12.0,Late
ORD001648,Haryana,delivered,5.0,On Time
ORD001649,Delhi,delivered,4.0,On Time
ORD001650,Haryana,delivered,9.0,Late
ORD001657,Kerala,delivered,4.0,On Time
ORD001659,Odisha,delivered,8.0,Late
ORD001660,Rajasthan,delivered,7.0,Late
ORD001662,West Bengal,delivered,6.0,On Time
ORD001665,Bihar,delivered,4.0,Late
ORD001667,Pune,delivered,7.0,Late
ORD001672,Pune,delivered,4.0,On Time
ORD001674,Gujarat,delivered,6.0,On Time
ORD001675,Rajasthan,delivered,3.0,On Time
ORD001677,Karnataka,delivered,10.0,Late
ORD001679,Odisha,delivered,9.0,Late
ORD001681,Uttar Pradesh,delivered,7.0,On Time
ORD001685,Uttar Pradesh,delivered,7.0,On Time
ORD001686,Rajasthan,delivered,9.0,Late
ORD001689,Tamil Nadu,delivered,8.0,Late
ORD001690,Uttar Pradesh,delivered,8.0,Late
ORD001691,Maharashtra,delivered,12.0,Late
ORD001692,Gujarat,delivered,6.0,Late
ORD001694,Maharashtra,delivered,8.0,Late
ORD001695,Telangana,delivered,9.0,Late
ORD001696,Gujarat,delivered,13.0,Late
ORD001700,Odisha,delivered,4.0,On Time
ORD001702,Bihar,delivered,12.0,Late
ORD001703,Odisha,delivered,14.0,Late
ORD001706,Tamil Nadu,delivered,8.0,Late
ORD001708,West Bengal,delivered,11.0,Late
ORD001709,Tamil Nadu,delivered,6.0,Late
ORD001713,Pune,delivered,13.0,Late
ORD001715,Tamil Nadu,delivered,11.0,Late
ORD001716,Delhi,delivered,9.0,Late
ORD001717,Pune,delivered,4.0,On Time
ORD001718,Haryana,delivered,8.0,Late
ORD001719,Bihar,delivered,7.0,On Time
ORD001724,Gujarat,delivered,6.0,Late
ORD001727,Telangana,delivered,4.0,On Time
ORD001729,Pune,delivered,11.0,Late
ORD001730,Madhya Pradesh,delivered,13.0,Late
ORD001731,Madhya Pradesh,delivered,12.0,Late
ORD001732,Madhya Pradesh,delivered,14.0,Late
ORD001733,Tamil Nadu,delivered,13.0,Late
ORD001735,Maharashtra,delivered,7.0,On Time
ORD001736,Bihar,delivered,2.0,On Time
ORD001740,Tamil Nadu,delivered,11.0,Late
ORD001741,Telangana,delivered,14.0,Late
ORD001743,Maharashtra,delivered,8.0,On Time
ORD001744,Uttar Pradesh,delivered,4.0,On Time
ORD001745,Karnataka,delivered,15.0,Late
ORD001746,Haryana,delivered,6.0,On Time
ORD001747,Haryana,delivered,11.0,Late
ORD001748,Uttar Pradesh,delivered,10.0,Late
ORD001749,Maharashtra,delivered,7.0,Late
ORD001750,Rajasthan,delivered,7.0,Late
ORD001751,Maharashtra,delivered,8.0,Late
ORD001752,Telangana,delivered,14.0,Late
ORD001754,Gujarat,delivered,4.0,On Time
ORD001755,Bihar,delivered,4.0,On Time
ORD001756,Uttar Pradesh,delivered,2.0,On Time
ORD001759,Bihar,delivered,6.0,On Time
ORD001760,Rajasthan,delivered,7.0,Late
ORD001761,Gujarat,delivered,15.0,Late
ORD001764,Delhi,delivered,9.0,On Time
ORD001767,Telangana,delivered,4.0,On Time
ORD001768,Odisha,delivered,6.0,Late
ORD001769,Odisha,delivered,9.0,On Time
ORD001772,Gujarat,delivered,12.0,Late
ORD001773,Odisha,delivered,14.0,Late
ORD001774,West Bengal,delivered,5.0,On Time
ORD001775,Uttar Pradesh,delivered,9.0,On Time
ORD001778,Tamil Nadu,delivered,8.0,Late
ORD001780,Maharashtra,delivered,10.0,Late
ORD001781,Odisha,delivered,4.0,On Time
ORD001782,Maharashtra,delivered,10.0,Late
ORD001783,Tamil Nadu,delivered,5.0,Late
ORD001784,West Bengal,delivered,3.0,On Time
ORD001787,Odisha,delivered,5.0,On Time
ORD001792,Rajasthan,delivered,5.0,On Time
ORD001796,Maharashtra,delivered,8.0,On Time
ORD001797,Telangana,delivered,12.0,Late
ORD001798,Tamil Nadu,delivered,13.0,Late
ORD001799,Bihar,delivered,3.0,On Time
ORD001802,Maharashtra,delivered,11.0,Late
ORD001804,Gujarat,delivered,9.0,Late
ORD001806,Kerala,delivered,11.0,Late
ORD001807,Maharashtra,delivered,5.0,On Time
ORD001808,Madhya Pradesh,delivered,6.0,Late
ORD001810,Pune,delivered,13.0,Late
ORD001812,Haryana,delivered,12.0,Late
ORD001813,Tamil Nadu,delivered,4.0,On Time
ORD001816,Gujarat,delivered,11.0,Late
ORD001819,Odisha,delivered,5.0,On Time
ORD001821,West Bengal,delivered,6.0,On Time
ORD001823,Uttar Pradesh,delivered,3.0,On Time
ORD001827,Gujarat,delivered,6.0,On Time
ORD001829,Tamil Nadu,delivered,6.0,On Time
ORD001830,Odisha,delivered,9.0,On Time
ORD001832,Odisha,delivered,9.0,Late
ORD001835,Delhi,delivered,9.0,On Time
ORD001838,Karnataka,delivered,7.0,Late
ORD001840,Odisha,delivered,6.0,On Time
ORD001841,Gujarat,delivered,5.0,Late
ORD001842,Rajasthan,delivered,10.0,Late
ORD001843,Uttar Pradesh,delivered,3.0,On Time
ORD001844,Pune,delivered,3.0,On Time
ORD001845,Bihar,delivered,9.0,Late
ORD001846,Tamil Nadu,delivered,5.0,On Time
ORD001847,Kerala,delivered,12.0,Late
ORD001851,Pune,delivered,10.0,Late
ORD001858,Odisha,delivered,13.0,Late
ORD001859,Tamil Nadu,delivered,7.0,On Time
ORD001861,Pune,delivered,4.0,Late
ORD001862,Delhi,delivered,14.0,Late
ORD001871,Haryana,delivered,9.0,Late
ORD001872,Pune,delivered,8.0,Late
ORD001873,Bihar,delivered,8.0,Late
ORD001875,Karnataka,delivered,4.0,On Time
ORD001877,West Bengal,delivered,8.0,On Time
ORD001878,Uttar Pradesh,delivered,8.0,Late
ORD001881,West Bengal,delivered,11.0,Late
ORD001883,Uttar Pradesh,delivered,6.0,Late
ORD001885,Madhya Pradesh,delivered,8.0,Late
ORD001887,Rajasthan,delivered,8.0,Late
ORD001890,Delhi,delivered,4.0,On Time
ORD001892,Uttar Pradesh,delivered,8.0,Late
ORD001894,Maharashtra,delivered,4.0,Late
ORD001897,Madhya Pradesh,delivered,11.0,Late
ORD001906,Telangana,delivered,1.0,On Time
ORD001911,Rajasthan,delivered,6.0,On Time
ORD001912,Pune,delivered,10.0,Late
ORD001914,Kerala,delivered,15.0,Late
ORD001915,Madhya Pradesh,delivered,4.0,Late
ORD001916,Haryana,delivered,4.0,On Time
ORD001917,Maharashtra,delivered,7.0,Late
ORD001921,Madhya Pradesh,delivered,11.0,Late
ORD001924,Gujarat,delivered,8.0,Late
ORD001926,Gujarat,delivered,8.0,Late
ORD001927,Rajasthan,delivered,8.0,Late
ORD001929,Delhi,delivered,9.0,Late
ORD001930,Maharashtra,delivered,7.0,On Time
ORD001931,Kerala,delivered,6.0,Late
ORD001933,Karnataka,delivered,2.0,On Time
ORD001936,Karnataka,delivered,9.0,Late
ORD001938,Uttar Pradesh,delivered,10.0,Late
ORD001939,Telangana,delivered,9.0,Late
ORD001943,Pune,delivered,4.0,On Time
ORD001944,Delhi,delivered,4.0,On Time
ORD001945,West Bengal,delivered,8.0,Late
ORD001946,Bihar,delivered,5.0,On Time
ORD001948,West Bengal,delivered,13.0,Late
ORD001950,Rajasthan,delivered,11.0,Late
ORD001951,Rajasthan,delivered,5.0,Late
ORD001952,Maharashtra,delivered,6.0,On Time
ORD001953,Maharashtra,delivered,8.0,Late
ORD001960,Karnataka,delivered,13.0,Late
ORD001965,West Bengal,delivered,5.0,On Time
ORD001966,Rajasthan,delivered,12.0,Late
ORD001967,Karnataka,delivered,11.0,Late
ORD001968,Karnataka,delivered,7.0,On Time
ORD001971,Uttar Pradesh,delivered,4.0,On Time
ORD001975,Pune,delivered,4.0,Late
ORD001976,Odisha,delivered,14.0,Late
ORD001979,Rajasthan,delivered,9.0,Late
ORD001980,Bihar,delivered,8.0,Late
ORD001981,Rajasthan,delivered,9.0,On Time
ORD001985,Maharashtra,delivered,11.0,Late
ORD001992,Odisha,delivered,6.0,Late
ORD001993,Madhya Pradesh,delivered,10.0,Late
ORD001995,Gujarat,delivered,9.0,On Time
ORD001997,West Bengal,delivered,3.0,On Time
ORD001999,Karnataka,delivered,9.0,Late
ORD002002,Kerala,delivered,11.0,Late
ORD002003,Telangana,delivered,8.0,Late
ORD002005,Karnataka,delivered,4.0,Late
ORD002006,Telangana,delivered,5.0,Late
ORD002007,Pune,delivered,6.0,Late
ORD002008,Gujarat,delivered,8.0,On Time
ORD002011,Uttar Pradesh,delivered,14.0,Late
ORD002025,Tamil Nadu,delivered,9.0,Late
ORD002026,Maharashtra,delivered,11.0,Late
ORD002028,Telangana,delivered,5.0,On Time
ORD002030,Bihar,delivered,10.0,Late
ORD002031,Rajasthan,delivered,8.0,Late
ORD002032,Maharashtra,delivered,10.0,Late
ORD002036,Telangana,delivered,8.0,Late
ORD002038,Telangana,delivered,8.0,On Time
ORD002039,Odisha,delivered,9.0,Late
ORD002041,Kerala,delivered,4.0,On Time
ORD002044,Kerala,delivered,10.0,On Time
ORD002047,Uttar Pradesh,delivered,2.0,On Time
ORD002048,Pune,delivered,2.0,On Time
ORD002049,Pune,delivered,9.0,Late
ORD002050,Madhya Pradesh,delivered,11.0,Late
ORD002051,Uttar Pradesh,delivered,10.0,Late
ORD002054,Rajasthan,delivered,13.0,Late
ORD002055,West Bengal,delivered,13.0,Late
ORD002057,Bihar,delivered,6.0,On Time
ORD002058,West Bengal,delivered,2.0,On Time
ORD002062,Telangana,delivered,10.0,Late
ORD002064,Kerala,delivered,4.0,On Time
ORD002065,West Bengal,delivered,12.0,Late
ORD002067,Bihar,delivered,14.0,Late
ORD002073,West Bengal,delivered,6.0,On Time
ORD002074,Delhi,delivered,5.0,On Time
ORD002076,Delhi,delivered,8.0,Late
ORD002078,Maharashtra,delivered,1.0,On Time
ORD002081,Delhi,delivered,8.0,Late
ORD002082,Uttar Pradesh,delivered,5.0,Late
ORD002087,Gujarat,delivered,13.0,Late
ORD002089,West Bengal,delivered,3.0,On Time
ORD002091,Tamil Nadu,delivered,10.0,On Time
ORD002093,Tamil Nadu,delivered,11.0,Late
ORD002094,West Bengal,delivered,2.0,On Time
ORD002096,Kerala,delivered,12.0,Late
ORD002097,Kerala,delivered,6.0,Late
ORD002098,Pune,delivered,13.0,Late
ORD002099,Kerala,delivered,6.0,Late
ORD002101,Delhi,delivered,9.0,Late
ORD002102,Odisha,delivered,10.0,Late
ORD002104,West Bengal,delivered,8.0,On Time
ORD002105,Madhya Pradesh,delivered,12.0,Late
ORD002106,Uttar Pradesh,delivered,11.0,Late
ORD002107,Rajasthan,delivered,4.0,On Time
ORD002108,Maharashtra,delivered,7.0,On Time
ORD002110,Telangana,delivered,8.0,Late
ORD002116,Bihar,delivered,14.0,Late
ORD002117,Kerala,delivered,9.0,On Time
ORD002118,Madhya Pradesh,delivered,8.0,Late
ORD002119,Maharashtra,delivered,6.0,Late
ORD002122,Kerala,delivered,7.0,On Time
ORD002123,Maharashtra,delivered,10.0,Late
ORD002125,Uttar Pradesh,delivered,7.0,On Time
ORD002127,Delhi,delivered,13.0,Late
ORD002130,Karnataka,delivered,2.0,On Time
ORD002136,Bihar,delivered,4.0,On Time
ORD002138,Telangana,delivered,11.0,Late
ORD002139,Karnataka,delivered,14.0,Late
ORD002140,Maharashtra,delivered,13.0,Late
ORD002141,Kerala,delivered,13.0,Late
ORD002143,Telangana,delivered,6.0,On Time
ORD002147,Odisha,delivered,9.0,Late
ORD002149,Tamil Nadu,delivered,11.0,Late
ORD002150,Kerala,delivered,6.0,On Time
ORD002151,Madhya Pradesh,delivered,3.0,On Time
ORD002155,West Bengal,delivered,12.0,Late
ORD002163,Delhi,delivered,9.0,Late
ORD002164,Delhi,delivered,9.0,Late
ORD002166,Madhya Pradesh,delivered,12.0,Late
ORD002167,Bihar,delivered,7.0,On Time
ORD002168,Maharashtra,delivered,13.0,Late
ORD002169,Kerala,delivered,11.0,Late
ORD002170,Tamil Nadu,delivered,9.0,Late
ORD002171,Tamil Nadu,delivered,7.0,On Time
ORD002172,Uttar Pradesh,delivered,8.0,On Time
ORD002173,Telangana,delivered,1.0,On Time
ORD002181,Maharashtra,delivered,11.0,Late
ORD002186,Karnataka,delivered,11.0,Late
ORD002189,Maharashtra,delivered,2.0,On Time
ORD002190,Haryana,delivered,3.0,On Time
ORD002191,West Bengal,delivered,8.0,On Time
ORD002192,Kerala,delivered,4.0,On Time
ORD002195,Odisha,delivered,10.0,On Time
ORD002196,Madhya Pradesh,delivered,4.0,On Time
ORD002199,Tamil Nadu,delivered,3.0,On Time
ORD002201,Haryana,delivered,6.0,On Time
ORD002204,Pune,delivered,5.0,Late
ORD002205,Karnataka,delivered,2.0,On Time
ORD002206,Kerala,delivered,8.0,On Time
ORD002207,Rajasthan,delivered,9.0,Late
ORD002209,Kerala,delivered,6.0,Late
ORD002214,Telangana,delivered,6.0,Late
ORD002215,Maharashtra,delivered,9.0,On Time
ORD002218,Tamil Nadu,delivered,7.0,On Time
ORD002220,Maharashtra,delivered,9.0,Late
ORD002224,Tamil Nadu,delivered,8.0,On Time
ORD002225,Delhi,delivered,5.0,On Time
ORD002226,Haryana,delivered,8.0,On Time
ORD002227,Gujarat,delivered,1.0,On Time
ORD002231,Telangana,delivered,9.0,Late
ORD002233,Delhi,delivered,9.0,On Time
ORD002240,Telangana,delivered,11.0,Late
ORD002241,Tamil Nadu,delivered,7.0,Late
ORD002242,Pune,delivered,12.0,Late
ORD002245,West Bengal,delivered,12.0,Late
ORD002246,Delhi,delivered,2.0,On Time
ORD002247,Tamil Nadu,delivered,5.0,On Time
ORD002248,Maharashtra,delivered,11.0,Late
ORD002249,Haryana,delivered,7.0,On Time
ORD002251,Karnataka,delivered,3.0,On Time
ORD002252,Gujarat,delivered,10.0,Late
ORD002257,Gujarat,delivered,8.0,Late
ORD002260,Kerala,delivered,8.0,On Time
ORD002261,Karnataka,delivered,8.0,Late
ORD002263,Bihar,delivered,11.0,Late
ORD002265,Pune,delivered,11.0,Late
ORD002267,Pune,delivered,6.0,On Time
ORD002268,Bihar,delivered,4.0,On Time
ORD002272,West Bengal,delivered,9.0,Late
ORD002275,Rajasthan,delivered,2.0,On Time
ORD002276,Karnataka,delivered,5.0,On Time
ORD002279,Kerala,delivered,8.0,On Time
ORD002280,Tamil Nadu,delivered,3.0,On Time
ORD002283,Karnataka,delivered,10.0,Late
ORD002284,Kerala,delivered,4.0,On Time
ORD002285,Karnataka,delivered,13.0,Late
ORD002288,Tamil Nadu,delivered,9.0,Late
ORD002290,Odisha,delivered,11.0,Late
ORD002292,Uttar Pradesh,delivered,5.0,On Time
ORD002298,Pune,delivered,9.0,Late
ORD002300,Madhya Pradesh,delivered,7.0,Late
ORD002301,Maharashtra,delivered,6.0,On Time
ORD002303,West Bengal,delivered,5.0,On Time
ORD002304,Tamil Nadu,delivered,10.0,Late
ORD002309,Pune,delivered,7.0,Late
ORD002310,Rajasthan,delivered,2.0,On Time
ORD002313,Maharashtra,delivered,9.0,Late
ORD002315,Tamil Nadu,delivered,10.0,Late
ORD002316,Tamil Nadu,delivered,6.0,Late
ORD002317,Bihar,delivered,9.0,Late
ORD002318,Odisha,delivered,7.0,On Time
ORD002322,Telangana,delivered,7.0,On Time
ORD002323,Maharashtra,delivered,6.0,On Time
ORD002324,Telangana,delivered,2.0,On Time
ORD002326,Karnataka,delivered,12.0,Late
ORD002332,Karnataka,delivered,10.0,Late
ORD002333,Telangana,delivered,1.0,On Time
ORD002336,Kerala,delivered,9.0,Late
ORD002341,Bihar,delivered,7.0,Late
ORD002344,Delhi,delivered,6.0,On Time
ORD002346,Telangana,delivered,8.0,On Time
ORD002350,Delhi,delivered,7.0,On Time
ORD002351,West Bengal,delivered,7.0,Late
ORD002353,Uttar Pradesh,delivered,13.0,Late
ORD002354,Pune,delivered,8.0,On Time
ORD002357,Pune,delivered,12.0,Late
ORD002359,Telangana,delivered,5.0,On Time
ORD002361,Telangana,delivered,6.0,Late
ORD002365,Gujarat,delivered,9.0,Late
ORD002368,Rajasthan,delivered,6.0,Late
ORD002369,Karnataka,delivered,8.0,On Time
ORD002370,Telangana,delivered,9.0,Late
ORD002371,West Bengal,delivered,7.0,Late
ORD002372,Haryana,delivered,6.0,On Time
ORD002375,Pune,delivered,8.0,Late
ORD002376,Odisha,delivered,5.0,On Time
ORD002378,Bihar,delivered,15.0,Late
ORD002387,Rajasthan,delivered,10.0,Late
ORD002390,Odisha,delivered,15.0,Late
ORD002391,Kerala,delivered,12.0,Late
ORD002393,Haryana,delivered,11.0,Late
ORD002395,Telangana,delivered,8.0,Late
ORD002397,Madhya Pradesh,delivered,6.0,On Time
ORD002399,Kerala,delivered,11.0,Late
ORD002400,Bihar,delivered,8.0,On Time
ORD002404,Rajasthan,delivered,7.0,Late
ORD002405,Kerala,delivered,11.0,Late
ORD002406,Madhya Pradesh,delivered,13.0,Late
ORD002410,Haryana,delivered,12.0,Late
ORD002418,Maharashtra,delivered,12.0,Late
ORD002422,Haryana,delivered,9.0,Late
ORD002423,Kerala,delivered,9.0,Late
ORD002425,West Bengal,delivered,5.0,On Time
ORD002427,West Bengal,delivered,8.0,On Time
ORD002428,Karnataka,delivered,6.0,On Time
ORD002429,Karnataka,delivered,7.0,Late
ORD002435,Pune,delivered,10.0,Late
ORD002437,Telangana,delivered,9.0,Late
ORD002438,Odisha,delivered,1.0,On Time
ORD002439,Rajasthan,delivered,7.0,On Time
ORD002440,Rajasthan,delivered,13.0,Late
ORD002441,Karnataka,delivered,13.0,Late
ORD002442,Delhi,delivered,8.0,Late
ORD002443,Haryana,delivered,7.0,Late
ORD002445,Rajasthan,delivered,11.0,Late
ORD002448,Telangana,delivered,8.0,On Time
ORD002449,Odisha,delivered,8.0,Late
ORD002450,Maharashtra,delivered,9.0,Late
ORD002454,Madhya Pradesh,delivered,13.0,Late
ORD002455,Telangana,delivered,10.0,Late
ORD002458,Haryana,delivered,9.0,Late
ORD002459,West Bengal,delivered,7.0,Late
ORD002461,Kerala,delivered,9.0,On Time
ORD002462,Maharashtra,delivered,8.0,On Time
ORD002463,Pune,delivered,5.0,Late
ORD002465,Odisha,delivered,11.0,Late
ORD002466,Gujarat,delivered,13.0,Late
ORD002469,Uttar Pradesh,delivered,7.0,On Time
ORD002471,West Bengal,delivered,6.0,Late
ORD002477,Karnataka,delivered,5.0,Late
ORD002478,Rajasthan,delivered,8.0,Late
ORD002480,Pune,delivered,10.0,On Time
ORD002481,Pune,delivered,2.0,On Time
ORD002485,West Bengal,delivered,8.0,Late
ORD002487,Uttar Pradesh,delivered,2.0,On Time
ORD002488,Haryana,delivered,6.0,On Time
ORD002492,Kerala,delivered,12.0,Late
ORD002495,West Bengal,delivered,4.0,On Time
ORD002496,Odisha,delivered,9.0,On Time
ORD002497,Maharashtra,delivered,6.0,Late
ORD002498,Pune,delivered,7.0,On Time
ORD002499,Karnataka,delivered,11.0,Late
ORD002500,Karnataka,delivered,5.0,On Time
ORD002502,Rajasthan,delivered,6.0,Late
ORD002506,Rajasthan,delivered,15.0,Late
ORD002507,Odisha,delivered,6.0,On Time
ORD002511,Odisha,delivered,11.0,Late
ORD002512,Delhi,delivered,11.0,Late
ORD002515,Odisha,delivered,14.0,Late
ORD002516,Gujarat,delivered,11.0,Late
ORD002523,Rajasthan,delivered,11.0,Late
ORD002524,West Bengal,delivered,6.0,On Time
ORD002526,Gujarat,delivered,10.0,On Time
ORD002528,Delhi,delivered,11.0,Late
ORD002529,Tamil Nadu,delivered,9.0,On Time
ORD002530,West Bengal,delivered,11.0,Late
ORD002539,Pune,delivered,12.0,Late
ORD002542,Pune,delivered,12.0,Late
ORD002547,Maharashtra,delivered,8.0,Late
ORD002551,Gujarat,delivered,4.0,On Time
ORD002552,Delhi,delivered,3.0,On Time
ORD002553,Kerala,delivered,11.0,Late
ORD002555,Haryana,delivered,6.0,Late
ORD002556,Delhi,delivered,8.0,Late
ORD002557,Tamil Nadu,delivered,1.0,On Time
ORD002562,Karnataka,delivered,14.0,Late
ORD002563,Bihar,delivered,6.0,On Time
ORD002565,Tamil Nadu,delivered,8.0,Late
ORD002569,Pune,delivered,6.0,On Time
ORD002572,Madhya Pradesh,delivered,8.0,Late
ORD002573,Pune,delivered,7.0,On Time
ORD002574,Kerala,delivered,9.0,Late
ORD002576,Madhya Pradesh,delivered,11.0,Late
ORD002581,Haryana,delivered,15.0,Late
ORD002582,West Bengal,delivered,1.0,On Time
ORD002584,Bihar,delivered,7.0,On Time
ORD002586,Pune,delivered,6.0,On Time
ORD002587,Karnataka,delivered,5.0,Late
ORD002588,Uttar Pradesh,delivered,6.0,On Time
ORD002589,Bihar,delivered,10.0,Late
ORD002590,Bihar,delivered,4.0,On Time
ORD002592,Karnataka,delivered,10.0,Late
ORD002597,Gujarat,delivered,8.0,On Time
ORD002599,Karnataka,delivered,13.0,Late
ORD002602,Telangana,delivered,11.0,Late
ORD002605,Tamil Nadu,delivered,9.0,Late
ORD002607,Rajasthan,delivered,8.0,Late
ORD002609,Bihar,delivered,8.0,Late
ORD002614,Uttar Pradesh,delivered,11.0,Late
ORD002616,Gujarat,delivered,12.0,Late
ORD002617,Telangana,delivered,14.0,Late
ORD002618,Maharashtra,delivered,5.0,On Time
ORD002621,Haryana,delivered,5.0,On Time
ORD002622,Bihar,delivered,10.0,Late
ORD002624,West Bengal,delivered,12.0,Late
ORD002626,Tamil Nadu,delivered,13.0,Late
ORD002629,Maharashtra,delivered,1.0,On Time
ORD002630,Uttar Pradesh,delivered,7.0,On Time
ORD002632,Delhi,delivered,3.0,On Time
ORD002635,Telangana,delivered,8.0,Late
ORD002638,Uttar Pradesh,delivered,6.0,Late
ORD002639,Gujarat,delivered,12.0,Late
ORD002640,Telangana,delivered,9.0,On Time
ORD002641,Bihar,delivered,6.0,On Time
ORD002645,Karnataka,delivered,7.0,Late
ORD002647,Pune,delivered,5.0,On Time
ORD002648,Gujarat,delivered,7.0,On Time
ORD002649,West Bengal,delivered,8.0,On Time
ORD002651,Haryana,delivered,12.0,Late
ORD002654,Pune,delivered,9.0,Late
ORD002657,Maharashtra,delivered,7.0,On Time
ORD002658,Kerala,delivered,8.0,Late
ORD002659,Haryana,delivered,5.0,On Time
ORD002664,Telangana,delivered,10.0,Late
ORD002665,Rajasthan,delivered,5.0,On Time
ORD002670,Karnataka,delivered,2.0,On Time
ORD002672,Telangana,delivered,5.0,Late
ORD002674,Kerala,delivered,5.0,Late
ORD002675,Madhya Pradesh,delivered,4.0,On Time
ORD002676,Odisha,delivered,10.0,Late
ORD002678,Delhi,delivered,9.0,On Time
ORD002681,Uttar Pradesh,delivered,9.0,Late
ORD002683,West Bengal,delivered,3.0,On Time
ORD002684,Madhya Pradesh,delivered,10.0,Late
ORD002685,Tamil Nadu,delivered,5.0,Late
ORD002686,Bihar,delivered,6.0,Late
ORD002687,Haryana,delivered,2.0,On Time
ORD002688,West Bengal,delivered,9.0,Late
ORD002690,Uttar Pradesh,delivered,3.0,On Time
ORD002692,Uttar Pradesh,delivered,7.0,Late
ORD002694,Karnataka,delivered,7.0,On Time
ORD002695,Bihar,delivered,3.0,On Time
ORD002696,West Bengal,delivered,10.0,Late
ORD002699,Madhya Pradesh,delivered,12.0,Late
ORD002700,Maharashtra,delivered,4.0,On Time
ORD002701,Odisha,delivered,2.0,On Time
ORD002702,Gujarat,delivered,8.0,Late
ORD002705,Delhi,delivered,10.0,Late
ORD002706,Telangana,delivered,10.0,Late
ORD002707,Telangana,delivered,8.0,On Time
ORD002708,Maharashtra,delivered,12.0,Late
ORD002710,Kerala,delivered,12.0,Late
ORD002711,West Bengal,delivered,8.0,On Time
ORD002712,Delhi,delivered,5.0,Late
ORD002714,West Bengal,delivered,11.0,Late
ORD002717,Delhi,delivered,11.0,Late
ORD002724,Kerala,delivered,8.0,On Time
ORD002727,Bihar,delivered,7.0,On Time
ORD002728,Odisha,delivered,5.0,On Time
ORD002730,Gujarat,delivered,11.0,Late
ORD002733,Bihar,delivered,9.0,Late
ORD002734,Tamil Nadu,delivered,9.0,Late
ORD002735,Pune,delivered,8.0,On Time
ORD002736,Odisha,delivered,10.0,Late
ORD002737,Delhi,delivered,7.0,Late
ORD002739,Rajasthan,delivered,7.0,Late
ORD002740,Bihar,delivered,9.0,Late
ORD002742,Telangana,delivered,8.0,On Time
ORD002746,Kerala,delivered,10.0,Late
ORD002748,Rajasthan,delivered,9.0,Late
ORD002749,Rajasthan,delivered,8.0,Late
ORD002750,Tamil Nadu,delivered,6.0,Late
ORD002752,Maharashtra,delivered,12.0,Late
ORD002754,Bihar,delivered,12.0,Late
ORD002755,Haryana,delivered,8.0,Late
ORD002756,Madhya Pradesh,delivered,9.0,Late
ORD002757,Gujarat,delivered,8.0,Late
ORD002762,Gujarat,delivered,11.0,Late
ORD002763,Madhya Pradesh,delivered,7.0,Late
ORD002764,Maharashtra,delivered,11.0,Late
ORD002766,Delhi,delivered,8.0,Late
ORD002768,Karnataka,delivered,3.0,On Time
ORD002769,Haryana,delivered,13.0,Late
ORD002770,Bihar,delivered,8.0,Late
ORD002772,Karnataka,delivered,11.0,Late
ORD002773,Uttar Pradesh,delivered,6.0,Late
ORD002776,Pune,delivered,4.0,Late
ORD002777,Pune,delivered,8.0,Late
ORD002778,Madhya Pradesh,delivered,11.0,Late
ORD002779,Karnataka,delivered,4.0,Late
ORD002780,Madhya Pradesh,delivered,8.0,On Time
ORD002782,Haryana,delivered,7.0,Late
ORD002786,Madhya Pradesh,delivered,7.0,On Time
ORD002788,Rajasthan,delivered,7.0,On Time
ORD002790,Gujarat,delivered,12.0,Late
ORD002791,Maharashtra,delivered,5.0,Late
ORD002796,Odisha,delivered,9.0,Late
ORD002798,Tamil Nadu,delivered,6.0,Late
ORD002800,West Bengal,delivered,4.0,On Time
ORD002803,Delhi,delivered,9.0,Late
ORD002804,Telangana,delivered,9.0,On Time
ORD002805,Karnataka,delivered,8.0,On Time
ORD002807,Kerala,delivered,3.0,On Time
ORD002808,Haryana,delivered,11.0,Late
ORD002809,Uttar Pradesh,delivered,3.0,On Time
ORD002810,Uttar Pradesh,delivered,10.0,Late
ORD002812,Tamil Nadu,delivered,9.0,Late
ORD002814,Maharashtra,delivered,3.0,On Time
ORD002816,Delhi,delivered,2.0,On Time
ORD002817,Delhi,delivered,5.0,Late
ORD002818,Pune,delivered,9.0,On Time
ORD002820,Maharashtra,delivered,9.0,Late
ORD002823,Madhya Pradesh,delivered,8.0,Late
ORD002825,Odisha,delivered,15.0,Late
ORD002826,Kerala,delivered,9.0,Late
ORD002827,Bihar,delivered,10.0,Late
ORD002828,Madhya Pradesh,delivered,10.0,Late
ORD002831,Maharashtra,delivered,7.0,Late
ORD002832,Kerala,delivered,11.0,Late
ORD002833,Madhya Pradesh,delivered,9.0,On Time
ORD002834,Gujarat,delivered,12.0,Late
ORD002835,Madhya Pradesh,delivered,9.0,Late
ORD002836,Kerala,delivered,1.0,On Time
ORD002839,Pune,delivered,13.0,Late
ORD002841,Madhya Pradesh,delivered,12.0,Late
ORD002843,Odisha,delivered,3.0,On Time
ORD002844,Maharashtra,delivered,7.0,Late
ORD002845,Maharashtra,delivered,7.0,Late
ORD002846,Odisha,delivered,14.0,Late
ORD002850,West Bengal,delivered,5.0,On Time
ORD002851,Telangana,delivered,9.0,Late
ORD002852,West Bengal,delivered,7.0,Late
ORD002854,Karnataka,delivered,6.0,Late
ORD002855,Bihar,delivered,13.0,Late
ORD002857,Gujarat,delivered,10.0,Late
ORD002858,Bihar,delivered,2.0,On Time
ORD002860,Uttar Pradesh,delivered,7.0,Late
ORD002862,Gujarat,delivered,5.0,On Time
ORD002863,Uttar Pradesh,delivered,10.0,Late
ORD002864,Bihar,delivered,4.0,On Time
ORD002865,Rajasthan,delivered,5.0,Late
ORD002867,Pune,delivered,8.0,Late
ORD002870,Maharashtra,delivered,9.0,Late
ORD002871,Pune,delivered,8.0,Late
ORD002872,Rajasthan,delivered,7.0,On Time
ORD002873,Bihar,delivered,10.0,Late
ORD002874,Karnataka,delivered,10.0,Late
ORD002875,Maharashtra,delivered,2.0,On Time
ORD002877,West Bengal,delivered,13.0,Late
ORD002878,Uttar Pradesh,delivered,13.0,Late
ORD002880,Tamil Nadu,delivered,10.0,Late
ORD002882,Kerala,delivered,7.0,Late
ORD002889,Gujarat,delivered,2.0,On Time
ORD002891,Madhya Pradesh,delivered,8.0,Late
ORD002896,Madhya Pradesh,delivered,7.0,On Time
ORD002898,Madhya Pradesh,delivered,7.0,On Time
ORD002899,Telangana,delivered,10.0,Late
ORD002900,Madhya Pradesh,delivered,7.0,Late
ORD002902,Maharashtra,delivered,5.0,On Time
ORD002903,Karnataka,delivered,4.0,Late
ORD002904,Gujarat,delivered,14.0,Late
ORD002905,Madhya Pradesh,delivered,8.0,Late
ORD002906,Madhya Pradesh,delivered,13.0,Late
ORD002907,Rajasthan,delivered,12.0,Late
ORD002908,Maharashtra,delivered,12.0,Late
ORD002909,Karnataka,delivered,12.0,Late
ORD002910,Odisha,delivered,13.0,Late
ORD002911,West Bengal,delivered,2.0,On Time
ORD002921,Madhya Pradesh,delivered,10.0,Late
ORD002923,Gujarat,delivered,7.0,Late
ORD002924,Telangana,delivered,10.0,Late
ORD002928,Delhi,delivered,7.0,On Time
ORD002930,Maharashtra,delivered,2.0,On Time
ORD002932,Madhya Pradesh,delivered,5.0,Late
ORD002933,Tamil Nadu,delivered,4.0,On Time
ORD002935,Bihar,delivered,2.0,On Time
ORD002936,Kerala,delivered,12.0,Late
ORD002937,Delhi,delivered,8.0,Late
ORD002939,Karnataka,delivered,9.0,Late
ORD002941,Pune,delivered,11.0,Late
ORD002943,West Bengal,delivered,5.0,On Time
ORD002946,Madhya Pradesh,delivered,4.0,On Time
ORD002948,West Bengal,delivered,8.0,Late
ORD002949,Rajasthan,delivered,9.0,Late
ORD002951,Tamil Nadu,delivered,7.0,On Time
ORD002953,Haryana,delivered,9.0,Late
ORD002954,Pune,delivered,5.0,On Time
ORD002955,Kerala,delivered,11.0,Late
ORD002957,Rajasthan,delivered,12.0,Late
ORD002960,Telangana,delivered,6.0,On Time
ORD002966,West Bengal,delivered,15.0,Late
ORD002967,Maharashtra,delivered,5.0,On Time
ORD002968,Madhya Pradesh,delivered,15.0,Late
ORD002969,Delhi,delivered,11.0,Late
ORD002970,Madhya Pradesh,delivered,12.0,Late
ORD002971,Karnataka,delivered,11.0,Late
ORD002972,Haryana,delivered,6.0,On Time
ORD002973,Karnataka,delivered,2.0,On Time
ORD002977,Kerala,delivered,7.0,On Time
ORD002978,Pune,delivered,8.0,Late
ORD002980,Pune,delivered,3.0,On Time
ORD002981,Gujarat,delivered,8.0,On Time
ORD002982,Delhi,delivered,9.0,Late
ORD002983,Gujarat,delivered,11.0,Late
ORD002984,Rajasthan,delivered,12.0,Late
ORD002986,Rajasthan,delivered,11.0,Late
ORD002987,Kerala,delivered,5.0,On Time
ORD002990,Maharashtra,delivered,11.0,Late
ORD002991,Delhi,delivered,8.0,On Time
ORD002992,Tamil Nadu,delivered,10.0,Late
ORD002996,Uttar Pradesh,delivered,10.0,Late
ORD002998,Odisha,delivered,8.0,Late
ORD003002,Madhya Pradesh,delivered,11.0,Late
ORD003004,Kerala,delivered,6.0,Late
ORD003005,Maharashtra,delivered,9.0,On Time
ORD003006,Gujarat,delivered,4.0,Late
ORD003007,Odisha,delivered,6.0,On Time
ORD003008,Uttar Pradesh,delivered,10.0,Late
ORD003010,Uttar Pradesh,delivered,10.0,Late
ORD003011,Madhya Pradesh,delivered,6.0,Late
ORD003015,Odisha,delivered,6.0,On Time
ORD003016,Tamil Nadu,delivered,4.0,On Time
ORD003017,Rajasthan,delivered,10.0,On Time
ORD003018,Uttar Pradesh,delivered,9.0,Late
ORD003026,Odisha,delivered,7.0,On Time
ORD003028,Tamil Nadu,delivered,10.0,Late
ORD003029,Haryana,delivered,8.0,Late
ORD003030,Pune,delivered,6.0,On Time
ORD003031,Gujarat,delivered,8.0,Late
ORD003036,Bihar,delivered,10.0,Late
ORD003039,Gujarat,delivered,8.0,Late
ORD003042,Maharashtra,delivered,12.0,Late
ORD003043,Pune,delivered,8.0,Late
ORD003053,Rajasthan,delivered,9.0,Late
ORD003055,Delhi,delivered,13.0,Late
ORD003056,Kerala,delivered,7.0,Late
ORD003060,Tamil Nadu,delivered,11.0,Late
ORD003062,Uttar Pradesh,delivered,11.0,Late
ORD003063,Madhya Pradesh,delivered,8.0,On Time
ORD003065,Kerala,delivered,7.0,Late
ORD003068,Bihar,delivered,5.0,Late
ORD003071,Odisha,delivered,9.0,Late
ORD003074,West Bengal,delivered,6.0,On Time
ORD003075,Telangana,delivered,6.0,Late
ORD003076,Tamil Nadu,delivered,9.0,Late
ORD003077,Kerala,delivered,4.0,On Time
ORD003078,Kerala,delivered,11.0,Late
ORD003081,Haryana,delivered,8.0,Late
ORD003083,Uttar Pradesh,delivered,10.0,On Time
ORD003084,Odisha,delivered,15.0,Late
ORD003085,Madhya Pradesh,delivered,5.0,On Time
ORD003088,Pune,delivered,6.0,On Time
ORD003094,Uttar Pradesh,delivered,6.0,On Time
ORD003095,Pune,delivered,11.0,Late
ORD003096,Telangana,delivered,8.0,Late
ORD003099,Rajasthan,delivered,13.0,Late
ORD003100,Kerala,delivered,13.0,Late
ORD003102,Odisha,delivered,9.0,On Time
ORD003104,Pune,delivered,14.0,Late
ORD003105,Telangana,delivered,6.0,Late
ORD003106,Tamil Nadu,delivered,9.0,Late
ORD003108,Rajasthan,delivered,7.0,On Time
ORD003111,Maharashtra,delivered,9.0,Late
ORD003112,Maharashtra,delivered,4.0,Late
ORD003113,Tamil Nadu,delivered,10.0,Late
ORD003121,Delhi,delivered,5.0,Late
ORD003123,Bihar,delivered,9.0,Late
ORD003127,Maharashtra,delivered,3.0,On Time
ORD003129,Bihar,delivered,8.0,Late
ORD003133,Madhya Pradesh,delivered,7.0,Late
ORD003134,Karnataka,delivered,15.0,Late
ORD003135,Bihar,delivered,9.0,Late
ORD003138,Kerala,delivered,9.0,Late
ORD003141,Uttar Pradesh,delivered,10.0,Late
ORD003145,Bihar,delivered,13.0,Late
ORD003146,Madhya Pradesh,delivered,12.0,Late
ORD003149,Madhya Pradesh,delivered,6.0,On Time
ORD003150,Bihar,delivered,13.0,Late
ORD003151,Kerala,delivered,6.0,On Time
ORD003154,Tamil Nadu,delivered,6.0,On Time
ORD003156,Rajasthan,delivered,4.0,On Time
ORD003157,Telangana,delivered,11.0,Late
ORD003159,West Bengal,delivered,12.0,Late
ORD003160,Delhi,delivered,10.0,Late
ORD003161,West Bengal,delivered,1.0,On Time
ORD003162,Telangana,delivered,4.0,Late
ORD003165,Telangana,delivered,9.0,On Time
ORD003168,Rajasthan,delivered,10.0,Late
ORD003171,Delhi,delivered,3.0,On Time
ORD003172,Maharashtra,delivered,8.0,On Time
ORD003173,Delhi,delivered,6.0,On Time
ORD003174,Karnataka,delivered,4.0,On Time
ORD003177,Delhi,delivered,9.0,On Time
ORD003179,Odisha,delivered,11.0,Late
ORD003182,Haryana,delivered,5.0,Late
ORD003184,Gujarat,delivered,8.0,Late
ORD003185,Kerala,delivered,11.0,Late
ORD003187,Uttar Pradesh,delivered,11.0,Late
ORD003188,Tamil Nadu,delivered,6.0,On Time
ORD003189,Telangana,delivered,9.0,On Time
ORD003193,Telangana,delivered,7.0,Late
ORD003195,Telangana,delivered,15.0,Late
ORD003196,Telangana,delivered,13.0,Late
ORD003197,Kerala,delivered,7.0,On Time
ORD003201,Telangana,delivered,7.0,Late
ORD003204,Uttar Pradesh,delivered,3.0,On Time
ORD003206,Telangana,delivered,10.0,Late
ORD003210,Rajasthan,delivered,6.0,Late
ORD003211,West Bengal,delivered,3.0,On Time
ORD003212,Tamil Nadu,delivered,11.0,Late
ORD003213,Maharashtra,delivered,8.0,Late
ORD003215,Uttar Pradesh,delivered,13.0,Late
ORD003217,Kerala,delivered,9.0,On Time
ORD003219,Delhi,delivered,6.0,Late
ORD003223,Gujarat,delivered,14.0,Late
ORD003228,Pune,delivered,9.0,Late
ORD003229,Maharashtra,delivered,11.0,Late
ORD003230,Tamil Nadu,delivered,8.0,Late
ORD003231,Bihar,delivered,10.0,Late
ORD003232,Pune,delivered,11.0,Late
ORD003234,Odisha,delivered,10.0,Late
ORD003235,Telangana,delivered,1.0,On Time
ORD003239,West Bengal,delivered,10.0,On Time
ORD003241,Maharashtra,delivered,6.0,Late
ORD003244,Kerala,delivered,7.0,On Time
ORD003248,Madhya Pradesh,delivered,13.0,Late
ORD003250,Delhi,delivered,10.0,Late
ORD003251,Gujarat,delivered,6.0,Late
ORD003252,Maharashtra,delivered,3.0,On Time
ORD003253,Madhya Pradesh,delivered,7.0,Late
ORD003256,Rajasthan,delivered,6.0,On Time
ORD003258,Karnataka,delivered,11.0,Late
ORD003261,Madhya Pradesh,delivered,10.0,Late
ORD003264,Odisha,delivered,7.0,On Time
ORD003265,Uttar Pradesh,delivered,10.0,Late
ORD003268,Telangana,delivered,8.0,On Time
ORD003273,Odisha,delivered,13.0,Late
ORD003274,Gujarat,delivered,12.0,Late
ORD003275,Karnataka,delivered,6.0,Late
ORD003279,Tamil Nadu,delivered,8.0,Late
ORD003281,Delhi,delivered,13.0,Late
ORD003284,Maharashtra,delivered,9.0,On Time
ORD003285,Telangana,delivered,8.0,On Time
ORD003286,Kerala,delivered,3.0,On Time
ORD003287,Uttar Pradesh,delivered,8.0,Late
ORD003288,Bihar,delivered,5.0,Late
ORD003289,Bihar,delivered,13.0,Late
ORD003290,Haryana,delivered,9.0,Late
ORD003291,Maharashtra,delivered,3.0,On Time
ORD003292,Uttar Pradesh,delivered,3.0,On Time
ORD003293,Uttar Pradesh,delivered,10.0,Late
ORD003294,Kerala,delivered,14.0,Late
ORD003296,Bihar,delivered,2.0,On Time
ORD003297,Uttar Pradesh,delivered,2.0,On Time
ORD003301,Bihar,delivered,5.0,Late
ORD003302,Telangana,delivered,5.0,Late
ORD003304,Kerala,delivered,8.0,On Time
ORD003305,Maharashtra,delivered,8.0,Late
ORD003307,Gujarat,delivered,5.0,On Time
ORD003308,Kerala,delivered,12.0,Late
ORD003310,Karnataka,delivered,3.0,On Time
ORD003312,Madhya Pradesh,delivered,8.0,On Time
ORD003313,Bihar,delivered,2.0,On Time
ORD003314,Uttar Pradesh,delivered,5.0,On Time
ORD003317,Madhya Pradesh,delivered,9.0,On Time
ORD003318,Gujarat,delivered,8.0,On Time
ORD003319,Tamil Nadu,delivered,15.0,Late
ORD003321,West Bengal,delivered,5.0,Late
ORD003322,Pune,delivered,11.0,Late
ORD003323,Haryana,delivered,11.0,Late
ORD003324,Telangana,delivered,2.0,On Time
ORD003326,Rajasthan,delivered,3.0,On Time
ORD003328,Delhi,delivered,6.0,Late
ORD003329,Gujarat,delivered,6.0,On Time
ORD003332,Tamil Nadu,delivered,11.0,Late
ORD003337,Kerala,delivered,4.0,On Time
ORD003339,Pune,delivered,11.0,Late
ORD003341,Karnataka,delivered,6.0,Late
ORD003342,Tamil Nadu,delivered,6.0,On Time
ORD003346,Telangana,delivered,7.0,On Time
ORD003347,Karnataka,delivered,4.0,On Time
ORD003348,Uttar Pradesh,delivered,11.0,Late
ORD003349,Kerala,delivered,8.0,Late
ORD003351,Gujarat,delivered,14.0,Late
ORD003353,Telangana,delivered,6.0,Late
ORD003356,Telangana,delivered,7.0,Late
ORD003360,Tamil Nadu,delivered,11.0,Late
ORD003361,Delhi,delivered,9.0,Late
ORD003363,West Bengal,delivered,11.0,Late
ORD003364,Uttar Pradesh,delivered,7.0,Late
ORD003365,Gujarat,delivered,7.0,Late
ORD003369,Telangana,delivered,6.0,Late
ORD003370,Rajasthan,delivered,1.0,On Time
ORD003371,Rajasthan,delivered,7.0,Late
ORD003376,Gujarat,delivered,6.0,On Time
ORD003380,Telangana,delivered,9.0,Late
ORD003381,Kerala,delivered,5.0,On Time
ORD003382,Bihar,delivered,5.0,On Time
ORD003383,Tamil Nadu,delivered,5.0,On Time
ORD003384,Uttar Pradesh,delivered,5.0,On Time
ORD003385,Bihar,delivered,15.0,Late
ORD003387,Kerala,delivered,3.0,On Time
ORD003388,Tamil Nadu,delivered,15.0,Late
ORD003391,Kerala,delivered,8.0,Late
ORD003393,Uttar Pradesh,delivered,5.0,On Time
ORD003394,Rajasthan,delivered,5.0,On Time
ORD003398,Gujarat,delivered,9.0,On Time
ORD003399,Gujarat,delivered,3.0,On Time
ORD003400,Bihar,delivered,11.0,Late
ORD003403,Maharashtra,delivered,12.0,Late
ORD003404,Kerala,delivered,8.0,Late
ORD003405,Gujarat,delivered,9.0,Late
ORD003406,Odisha,delivered,11.0,Late
ORD003408,Pune,delivered,10.0,Late
ORD003410,Karnataka,delivered,5.0,Late
ORD003412,Tamil Nadu,delivered,10.0,Late
ORD003414,Tamil Nadu,delivered,11.0,Late
ORD003415,Maharashtra,delivered,8.0,Late
ORD003417,West Bengal,delivered,7.0,Late
ORD003420,Tamil Nadu,delivered,6.0,Late
ORD003421,Karnataka,delivered,8.0,On Time
ORD003429,Pune,delivered,14.0,Late
ORD003431,Rajasthan,delivered,9.0,Late
ORD003432,Pune,delivered,6.0,Late
ORD003437,Maharashtra,delivered,10.0,Late
ORD003438,Haryana,delivered,7.0,Late
ORD003439,Rajasthan,delivered,8.0,Late
ORD003440,Kerala,delivered,9.0,Late
ORD003449,Uttar Pradesh,delivered,4.0,On Time
ORD003450,Pune,delivered,10.0,Late
ORD003452,West Bengal,delivered,6.0,On Time
ORD003453,Tamil Nadu,delivered,3.0,On Time
ORD003454,Kerala,delivered,7.0,Late
ORD003456,Odisha,delivered,13.0,Late
ORD003459,Kerala,delivered,9.0,Late
ORD003460,Madhya Pradesh,delivered,9.0,Late
ORD003462,Madhya Pradesh,delivered,9.0,Late
ORD003463,Telangana,delivered,8.0,On Time
ORD003464,Madhya Pradesh,delivered,2.0,On Time
ORD003465,Maharashtra,delivered,9.0,Late
ORD003466,Maharashtra,delivered,14.0,Late
ORD003470,Telangana,delivered,5.0,On Time
ORD003471,Delhi,delivered,7.0,On Time
ORD003473,Bihar,delivered,5.0,Late
ORD003476,Madhya Pradesh,delivered,2.0,On Time
ORD003478,West Bengal,delivered,3.0,On Time
ORD003481,Haryana,delivered,14.0,Late
ORD003484,Telangana,delivered,7.0,Late
ORD003486,Pune,delivered,12.0,Late
ORD003487,Gujarat,delivered,15.0,Late
ORD003488,Tamil Nadu,delivered,6.0,On Time
ORD003492,Kerala,delivered,9.0,On Time
ORD003494,Haryana,delivered,6.0,On Time
ORD003496,Kerala,delivered,7.0,Late
ORD003502,Rajasthan,delivered,1.0,On Time
ORD003503,Uttar Pradesh,delivered,11.0,Late
ORD003505,Kerala,delivered,6.0,Late
ORD003506,Madhya Pradesh,delivered,8.0,Late
ORD003508,Maharashtra,delivered,8.0,Late
ORD003509,Tamil Nadu,delivered,4.0,On Time
ORD003510,Delhi,delivered,9.0,Late
ORD003512,Tamil Nadu,delivered,8.0,On Time
ORD003513,Uttar Pradesh,delivered,8.0,On Time
ORD003516,Maharashtra,delivered,8.0,Late
ORD003517,Tamil Nadu,delivered,4.0,Late
ORD003519,Karnataka,delivered,7.0,Late
ORD003520,Bihar,delivered,11.0,Late
ORD003521,West Bengal,delivered,7.0,Late
ORD003527,Delhi,delivered,1.0,On Time
ORD003528,Pune,delivered,6.0,On Time
ORD003535,Tamil Nadu,delivered,4.0,On Time
ORD003536,Madhya Pradesh,delivered,13.0,Late
ORD003537,Odisha,delivered,14.0,Late
ORD003542,Telangana,delivered,14.0,Late
ORD003543,West Bengal,delivered,10.0,Late
ORD003545,Tamil Nadu,delivered,12.0,Late
ORD003546,Uttar Pradesh,delivered,9.0,Late
ORD003555,Uttar Pradesh,delivered,4.0,Late
ORD003556,Delhi,delivered,9.0,On Time
ORD003557,West Bengal,delivered,9.0,Late
ORD003558,Bihar,delivered,2.0,On Time
ORD003560,Karnataka,delivered,11.0,Late
ORD003561,Bihar,delivered,10.0,Late
ORD003566,West Bengal,delivered,10.0,Late
ORD003567,Bihar,delivered,11.0,Late
ORD003569,Rajasthan,delivered,11.0,Late
ORD003573,West Bengal,delivered,4.0,On Time
ORD003575,Maharashtra,delivered,15.0,Late
ORD003578,Gujarat,delivered,4.0,On Time
ORD003581,Madhya Pradesh,delivered,13.0,Late
ORD003582,Bihar,delivered,12.0,Late
ORD003584,Madhya Pradesh,delivered,10.0,Late
ORD003585,Kerala,delivered,8.0,Late
ORD003586,Pune,delivered,6.0,On Time
ORD003587,Odisha,delivered,5.0,On Time
ORD003588,Tamil Nadu,delivered,8.0,Late
ORD003589,Odisha,delivered,5.0,On Time
ORD003590,Bihar,delivered,10.0,Late
ORD003591,Haryana,delivered,8.0,Late
ORD003593,Odisha,delivered,11.0,Late
ORD003594,Delhi,delivered,4.0,On Time
ORD003596,Tamil Nadu,delivered,5.0,On Time
ORD003599,Gujarat,delivered,6.0,On Time
ORD003602,Tamil Nadu,delivered,13.0,Late
ORD003605,Maharashtra,delivered,8.0,Late
ORD003606,Delhi,delivered,5.0,Late
ORD003608,Madhya Pradesh,delivered,11.0,Late
ORD003613,Telangana,delivered,13.0,Late
ORD003623,Gujarat,delivered,10.0,Late
ORD003625,Uttar Pradesh,delivered,5.0,On Time
ORD003627,Uttar Pradesh,delivered,4.0,On Time
ORD003629,West Bengal,delivered,1.0,On Time
ORD003631,Gujarat,delivered,7.0,Late
ORD003632,Karnataka,delivered,2.0,On Time
ORD003633,Kerala,delivered,5.0,On Time
ORD003635,Rajasthan,delivered,2.0,On Time
ORD003636,Haryana,delivered,7.0,On Time
ORD003639,Odisha,delivered,14.0,Late
ORD003641,Maharashtra,delivered,8.0,Late
ORD003642,West Bengal,delivered,15.0,Late
ORD003643,Karnataka,delivered,9.0,On Time
ORD003646,Bihar,delivered,7.0,Late
ORD003653,Gujarat,delivered,13.0,Late
ORD003656,Karnataka,delivered,7.0,On Time
ORD003658,Maharashtra,delivered,4.0,On Time
ORD003660,Kerala,delivered,4.0,Late
ORD003662,Pune,delivered,8.0,On Time
ORD003663,Delhi,delivered,9.0,On Time
ORD003664,Kerala,delivered,6.0,On Time
ORD003666,Gujarat,delivered,2.0,On Time
ORD003667,Tamil Nadu,delivered,9.0,Late
ORD003668,Tamil Nadu,delivered,7.0,Late
ORD003669,Madhya Pradesh,delivered,13.0,Late
ORD003670,Kerala,delivered,7.0,On Time
ORD003671,Telangana,delivered,6.0,On Time
ORD003673,Haryana,delivered,10.0,Late
ORD003674,Telangana,delivered,13.0,Late
ORD003679,Haryana,delivered,9.0,Late
ORD003681,Kerala,delivered,5.0,Late
ORD003684,Gujarat,delivered,4.0,On Time
ORD003686,Haryana,delivered,3.0,On Time
ORD003692,Rajasthan,delivered,2.0,On Time
ORD003693,Telangana,delivered,3.0,On Time
ORD003694,Tamil Nadu,delivered,9.0,Late
ORD003695,Odisha,delivered,8.0,Late
ORD003700,Odisha,delivered,10.0,Late
ORD003703,Odisha,delivered,6.0,On Time
ORD003704,Karnataka,delivered,8.0,Late
ORD003708,Tamil Nadu,delivered,5.0,On Time
ORD003712,Uttar Pradesh,delivered,9.0,Late
ORD003715,Maharashtra,delivered,11.0,Late
ORD003717,Kerala,delivered,3.0,On Time
ORD003726,Karnataka,delivered,11.0,Late
ORD003727,Delhi,delivered,11.0,Late
ORD003729,Tamil Nadu,delivered,7.0,Late
ORD003731,West Bengal,delivered,4.0,On Time
ORD003732,Bihar,delivered,6.0,On Time
ORD003733,Kerala,delivered,12.0,Late
ORD003735,Karnataka,delivered,9.0,Late
ORD003738,Kerala,delivered,10.0,Late
ORD003739,Kerala,delivered,8.0,Late
ORD003740,Haryana,delivered,9.0,Late
ORD003743,Karnataka,delivered,13.0,Late
ORD003744,Delhi,delivered,9.0,On Time
ORD003748,Karnataka,delivered,8.0,On Time
ORD003749,Karnataka,delivered,8.0,Late
ORD003753,Maharashtra,delivered,9.0,Late
ORD003755,Tamil Nadu,delivered,11.0,Late
ORD003756,Odisha,delivered,8.0,On Time
ORD003758,Uttar Pradesh,delivered,11.0,Late
ORD003768,Telangana,delivered,14.0,Late
ORD003771,Tamil Nadu,delivered,11.0,Late
ORD003772,Gujarat,delivered,6.0,On Time
ORD003775,Madhya Pradesh,delivered,8.0,Late
ORD003776,West Bengal,delivered,3.0,On Time
ORD003777,Bihar,delivered,13.0,Late
ORD003780,Tamil Nadu,delivered,14.0,Late
ORD003781,West Bengal,delivered,4.0,Late
ORD003782,Uttar Pradesh,delivered,3.0,On Time
ORD003783,Kerala,delivered,14.0,Late
ORD003786,Delhi,delivered,9.0,Late
ORD003790,Rajasthan,delivered,8.0,Late
ORD003791,Pune,delivered,4.0,On Time
ORD003792,Telangana,delivered,7.0,Late
ORD003794,Delhi,delivered,6.0,Late
ORD003798,Karnataka,delivered,3.0,On Time
ORD003803,Bihar,delivered,3.0,On Time
ORD003804,Rajasthan,delivered,12.0,Late
ORD003806,Karnataka,delivered,1.0,On Time
ORD003807,West Bengal,delivered,4.0,On Time
ORD003811,Odisha,delivered,9.0,Late
ORD003814,West Bengal,delivered,6.0,On Time
ORD003815,Bihar,delivered,7.0,Late
ORD003817,Delhi,delivered,15.0,Late
ORD003820,West Bengal,delivered,6.0,On Time
ORD003822,Gujarat,delivered,12.0,Late
ORD003823,Telangana,delivered,10.0,Late
ORD003825,Telangana,delivered,13.0,Late
ORD003827,Haryana,delivered,3.0,On Time
ORD003835,Tamil Nadu,delivered,2.0,On Time
ORD003841,Maharashtra,delivered,9.0,Late
ORD003845,Bihar,delivered,10.0,Late
ORD003847,Delhi,delivered,11.0,Late
ORD003850,Madhya Pradesh,delivered,10.0,On Time
ORD003851,Rajasthan,delivered,8.0,Late
ORD003852,Madhya Pradesh,delivered,7.0,On Time
ORD003854,Maharashtra,delivered,12.0,Late
ORD003859,Maharashtra,delivered,11.0,Late
ORD003860,Pune,delivered,6.0,Late
ORD003865,Pune,delivered,6.0,Late
ORD003866,Rajasthan,delivered,6.0,On Time
ORD003867,Rajasthan,delivered,10.0,Late
ORD003871,Bihar,delivered,11.0,Late
ORD003874,Tamil Nadu,delivered,3.0,On Time
ORD003880,Delhi,delivered,5.0,On Time
ORD003882,Maharashtra,delivered,4.0,On Time
ORD003885,Odisha,delivered,9.0,Late
ORD003886,Pune,delivered,10.0,Late
ORD003887,Maharashtra,delivered,6.0,Late
ORD003891,Tamil Nadu,delivered,6.0,On Time
ORD003892,Tamil Nadu,delivered,6.0,On Time
ORD003893,Delhi,delivered,11.0,Late
ORD003894,Gujarat,delivered,4.0,On Time
ORD003899,Maharashtra,delivered,10.0,On Time
ORD003900,Karnataka,delivered,13.0,Late
ORD003903,Uttar Pradesh,delivered,9.0,Late
ORD003907,Pune,delivered,6.0,Late
ORD003908,Odisha,delivered,6.0,Late
ORD003909,Telangana,delivered,8.0,On Time
ORD003910,Karnataka,delivered,9.0,Late
ORD003912,Gujarat,delivered,4.0,Late
ORD003917,Rajasthan,delivered,2.0,On Time
ORD003918,Kerala,delivered,7.0,Late
ORD003919,West Bengal,delivered,9.0,Late
ORD003921,Telangana,delivered,8.0,On Time
ORD003925,Gujarat,delivered,8.0,Late
ORD003926,Madhya Pradesh,delivered,7.0,Late
ORD003927,West Bengal,delivered,6.0,On Time
ORD003928,Tamil Nadu,delivered,11.0,Late
ORD003930,Karnataka,delivered,11.0,Late
ORD003931,Pune,delivered,7.0,Late
ORD003933,Bihar,delivered,9.0,Late
ORD003934,Uttar Pradesh,delivered,5.0,Late
ORD003937,Odisha,delivered,14.0,Late
ORD003938,Odisha,delivered,10.0,Late
ORD003939,Uttar Pradesh,delivered,2.0,On Time
ORD003942,Madhya Pradesh,delivered,11.0,Late
ORD003945,Telangana,delivered,11.0,Late
ORD003951,Rajasthan,delivered,9.0,Late
ORD003952,Pune,delivered,11.0,Late
ORD003954,Karnataka,delivered,7.0,Late
ORD003955,West Bengal,delivered,8.0,Late
ORD003957,Maharashtra,delivered,8.0,On Time
ORD003965,Kerala,delivered,4.0,On Time
ORD003966,Maharashtra,delivered,4.0,On Time
ORD003967,Gujarat,delivered,8.0,Late
ORD003968,Delhi,delivered,8.0,On Time
ORD003972,Rajasthan,delivered,5.0,On Time
ORD003973,Kerala,delivered,10.0,Late
ORD003975,Rajasthan,delivered,5.0,On Time
ORD003976,Karnataka,delivered,8.0,Late
ORD003978,Odisha,delivered,10.0,Late
ORD003982,Odisha,delivered,2.0,On Time
ORD003983,Uttar Pradesh,delivered,8.0,Late
ORD003984,Haryana,delivered,10.0,Late
ORD003985,Tamil Nadu,delivered,14.0,Late
ORD003986,Kerala,delivered,10.0,Late
ORD003987,Uttar Pradesh,delivered,9.0,On Time
ORD003988,Gujarat,delivered,15.0,Late
ORD003989,Delhi,delivered,10.0,Late
ORD003990,Pune,delivered,5.0,Late
ORD003992,Kerala,delivered,10.0,Late
ORD003993,Pune,delivered,5.0,On Time
ORD003996,Madhya Pradesh,delivered,1.0,On Time
ORD003998,Rajasthan,delivered,9.0,Late
ORD004000,Pune,delivered,7.0,Late
ORD004001,Uttar Pradesh,delivered,7.0,Late
ORD004002,Bihar,delivered,10.0,Late
ORD004003,Maharashtra,delivered,6.0,On Time
ORD004004,Bihar,delivered,7.0,On Time
ORD004005,Uttar Pradesh,delivered,9.0,Late
ORD004006,Maharashtra,delivered,7.0,On Time
ORD004008,Madhya Pradesh,delivered,7.0,Late
ORD004010,Pune,delivered,10.0,Late
ORD004011,Rajasthan,delivered,7.0,Late
ORD004013,Kerala,delivered,8.0,Late
ORD004015,Gujarat,delivered,9.0,Late
ORD004016,Bihar,delivered,9.0,Late
ORD004018,Tamil Nadu,delivered,10.0,Late
ORD004022,Rajasthan,delivered,4.0,On Time
ORD004024,Odisha,delivered,7.0,Late
ORD004025,Madhya Pradesh,delivered,10.0,Late
ORD004029,Delhi,delivered,9.0,Late
ORD004031,Haryana,delivered,13.0,Late
ORD004033,West Bengal,delivered,12.0,Late
ORD004034,Rajasthan,delivered,6.0,Late
ORD004035,Madhya Pradesh,delivered,8.0,On Time
ORD004036,Uttar Pradesh,delivered,8.0,On Time
ORD004037,Delhi,delivered,7.0,On Time
ORD004041,Delhi,delivered,10.0,Late
ORD004043,West Bengal,delivered,4.0,On Time
ORD004045,Karnataka,delivered,8.0,Late
ORD004047,Haryana,delivered,10.0,On Time
ORD004050,Delhi,delivered,4.0,Late
ORD004052,Bihar,delivered,3.0,On Time
ORD004054,Delhi,delivered,13.0,Late
ORD004055,Tamil Nadu,delivered,13.0,Late
ORD004056,Pune,delivered,2.0,On Time
ORD004059,Tamil Nadu,delivered,12.0,Late
ORD004061,Odisha,delivered,5.0,Late
ORD004063,Uttar Pradesh,delivered,15.0,Late
ORD004064,Bihar,delivered,13.0,Late
ORD004066,Madhya Pradesh,delivered,7.0,On Time
ORD004070,Rajasthan,delivered,9.0,Late
ORD004071,Gujarat,delivered,7.0,On Time
ORD004072,Pune,delivered,10.0,Late
ORD004073,Odisha,delivered,10.0,Late
ORD004074,Maharashtra,delivered,9.0,Late
ORD004075,Karnataka,delivered,7.0,On Time
ORD004077,Madhya Pradesh,delivered,8.0,Late
ORD004078,West Bengal,delivered,11.0,Late
ORD004081,Telangana,delivered,7.0,On Time
ORD004082,Telangana,delivered,5.0,Late
ORD004085,Karnataka,delivered,9.0,Late
ORD004086,Kerala,delivered,9.0,On Time
ORD004088,Bihar,delivered,6.0,Late
ORD004089,Karnataka,delivered,7.0,Late
ORD004093,Madhya Pradesh,delivered,12.0,Late
ORD004094,West Bengal,delivered,8.0,Late
ORD004096,Delhi,delivered,9.0,Late
ORD004097,Kerala,delivered,8.0,On Time
ORD004099,Pune,delivered,3.0,On Time
ORD004104,Gujarat,delivered,10.0,Late
ORD004105,Telangana,delivered,15.0,Late
ORD004106,Uttar Pradesh,delivered,6.0,Late
ORD004108,Bihar,delivered,8.0,Late
ORD004109,Kerala,delivered,7.0,On Time
ORD004110,West Bengal,delivered,6.0,On Time
ORD004111,Karnataka,delivered,14.0,Late
ORD004112,Haryana,delivered,8.0,Late
ORD004114,Bihar,delivered,8.0,On Time
ORD004115,Kerala,delivered,12.0,Late
ORD004116,West Bengal,delivered,7.0,Late
ORD004119,Tamil Nadu,delivered,12.0,Late
ORD004122,Uttar Pradesh,delivered,11.0,Late
ORD004126,Maharashtra,delivered,11.0,Late
ORD004128,West Bengal,delivered,12.0,Late
ORD004132,Tamil Nadu,delivered,5.0,Late
ORD004133,Bihar,delivered,11.0,Late
ORD004134,Maharashtra,delivered,11.0,Late
ORD004137,Kerala,delivered,12.0,Late
ORD004141,Pune,delivered,10.0,Late
ORD004145,Karnataka,delivered,3.0,On Time
ORD004149,Karnataka,delivered,11.0,Late
ORD004150,Maharashtra,delivered,15.0,Late
ORD004152,Tamil Nadu,delivered,8.0,On Time
ORD004153,Odisha,delivered,9.0,Late
ORD004154,Madhya Pradesh,delivered,9.0,Late
ORD004155,Bihar,delivered,6.0,On Time
ORD004156,West Bengal,delivered,6.0,On Time
ORD004159,Kerala,delivered,8.0,Late
ORD004160,Delhi,delivered,13.0,Late
ORD004161,Karnataka,delivered,6.0,On Time
ORD004162,Bihar,delivered,11.0,Late
ORD004164,West Bengal,delivered,13.0,Late
ORD004174,Karnataka,delivered,10.0,Late
ORD004178,Tamil Nadu,delivered,4.0,On Time
ORD004180,West Bengal,delivered,5.0,Late
ORD004181,Telangana,delivered,12.0,Late
ORD004182,Bihar,delivered,9.0,Late
ORD004184,Telangana,delivered,5.0,On Time
ORD004185,Rajasthan,delivered,9.0,Late
ORD004187,Maharashtra,delivered,2.0,On Time
ORD004193,Rajasthan,delivered,3.0,On Time
ORD004195,Gujarat,delivered,2.0,On Time
ORD004196,Bihar,delivered,12.0,Late
ORD004199,Tamil Nadu,delivered,13.0,Late
ORD004200,Madhya Pradesh,delivered,14.0,Late
ORD004203,Maharashtra,delivered,8.0,Late
ORD004204,Telangana,delivered,10.0,Late
ORD004205,Telangana,delivered,10.0,Late
ORD004209,Telangana,delivered,3.0,On Time
ORD004212,Madhya Pradesh,delivered,12.0,Late
ORD004214,Madhya Pradesh,delivered,4.0,On Time
ORD004215,Bihar,delivered,9.0,On Time
ORD004216,West Bengal,delivered,8.0,On Time
ORD004218,Maharashtra,delivered,9.0,Late
ORD004219,Telangana,delivered,8.0,Late
ORD004221,Kerala,delivered,11.0,Late
ORD004222,Delhi,delivered,13.0,Late
ORD004224,Rajasthan,delivered,7.0,On Time
ORD004226,Madhya Pradesh,delivered,13.0,Late
ORD004228,Bihar,delivered,12.0,Late
ORD004230,Madhya Pradesh,delivered,11.0,Late
ORD004238,Delhi,delivered,8.0,Late
ORD004242,Tamil Nadu,delivered,8.0,On Time
ORD004245,Delhi,delivered,7.0,Late
ORD004247,Telangana,delivered,6.0,On Time
ORD004248,Uttar Pradesh,delivered,8.0,On Time
ORD004249,Kerala,delivered,9.0,On Time
ORD004253,Tamil Nadu,delivered,14.0,Late
ORD004254,Karnataka,delivered,12.0,Late
ORD004256,Telangana,delivered,9.0,On Time
ORD004257,Madhya Pradesh,delivered,13.0,Late
ORD004258,Maharashtra,delivered,15.0,Late
ORD004260,Karnataka,delivered,12.0,Late
ORD004264,Maharashtra,delivered,13.0,Late
ORD004265,Haryana,delivered,12.0,Late
ORD004266,Maharashtra,delivered,6.0,Late
ORD004267,Tamil Nadu,delivered,14.0,Late
ORD004269,Rajasthan,delivered,5.0,On Time
ORD004271,Telangana,delivered,12.0,Late
ORD004277,Kerala,delivered,5.0,Late
ORD004278,Rajasthan,delivered,6.0,Late
ORD004279,Uttar Pradesh,delivered,11.0,Late
ORD004281,Pune,delivered,3.0,On Time
ORD004282,Maharashtra,delivered,1.0,On Time
ORD004283,Odisha,delivered,8.0,Late
ORD004284,Odisha,delivered,10.0,Late
ORD004285,Karnataka,delivered,6.0,On Time
ORD004286,Gujarat,delivered,7.0,Late
ORD004287,Madhya Pradesh,delivered,8.0,Late
ORD004289,Odisha,delivered,4.0,Late
ORD004291,Gujarat,delivered,6.0,On Time
ORD004292,Bihar,delivered,11.0,Late
ORD004293,Kerala,delivered,9.0,On Time
ORD004295,Maharashtra,delivered,9.0,Late
ORD004299,Pune,delivered,8.0,Late
ORD004301,Odisha,delivered,4.0,Late
ORD004302,Bihar,delivered,10.0,Late
ORD004306,Bihar,delivered,4.0,Late
ORD004307,Telangana,delivered,4.0,Late
ORD004309,Telangana,delivered,12.0,Late
ORD004310,West Bengal,delivered,10.0,Late
ORD004311,Tamil Nadu,delivered,7.0,Late
ORD004313,Uttar Pradesh,delivered,3.0,On Time
ORD004314,Tamil Nadu,delivered,5.0,On Time
ORD004315,Uttar Pradesh,delivered,9.0,Late
ORD004317,Uttar Pradesh,delivered,6.0,Late
ORD004319,Rajasthan,delivered,4.0,Late
ORD004320,Bihar,delivered,4.0,On Time
ORD004321,Kerala,delivered,15.0,Late
ORD004322,Tamil Nadu,delivered,10.0,Late
ORD004325,Odisha,delivered,6.0,Late
ORD004326,West Bengal,delivered,11.0,Late
ORD004327,Karnataka,delivered,5.0,On Time
ORD004328,Pune,delivered,8.0,Late
ORD004329,Delhi,delivered,8.0,Late
ORD004330,Pune,delivered,6.0,On Time
ORD004332,Delhi,delivered,7.0,Late
ORD004333,Karnataka,delivered,3.0,On Time
ORD004336,Uttar Pradesh,delivered,6.0,On Time
ORD004339,Gujarat,delivered,14.0,Late
ORD004340,Tamil Nadu,delivered,4.0,On Time
ORD004347,Uttar Pradesh,delivered,4.0,Late
ORD004351,Gujarat,delivered,11.0,Late
ORD004352,Karnataka,delivered,7.0,Late
ORD004354,Uttar Pradesh,delivered,14.0,Late
ORD004357,Haryana,delivered,7.0,On Time
ORD004359,Haryana,delivered,9.0,Late
ORD004360,Karnataka,delivered,13.0,Late
ORD004361,Madhya Pradesh,delivered,7.0,Late
ORD004362,Tamil Nadu,delivered,7.0,Late
ORD004363,Maharashtra,delivered,7.0,On Time
ORD004364,Odisha,delivered,1.0,On Time
ORD004365,Telangana,delivered,9.0,Late
ORD004366,Maharashtra,delivered,14.0,Late
ORD004368,Pune,delivered,6.0,On Time
ORD004369,Delhi,delivered,8.0,On Time
ORD004370,Haryana,delivered,6.0,Late
ORD004371,Tamil Nadu,delivered,8.0,Late
ORD004372,Haryana,delivered,9.0,On Time
ORD004374,Karnataka,delivered,9.0,On Time
ORD004375,Bihar,delivered,10.0,Late
ORD004377,Gujarat,delivered,8.0,On Time
ORD004379,Odisha,delivered,5.0,Late
ORD004381,Maharashtra,delivered,6.0,Late
ORD004384,Karnataka,delivered,15.0,Late
ORD004386,West Bengal,delivered,2.0,On Time
ORD004387,Delhi,delivered,4.0,On Time
ORD004388,Delhi,delivered,11.0,Late
ORD004392,Rajasthan,delivered,5.0,On Time
ORD004393,Rajasthan,delivered,14.0,Late
ORD004395,West Bengal,delivered,12.0,Late
ORD004396,Odisha,delivered,9.0,Late
ORD004397,Kerala,delivered,10.0,Late
ORD004398,Bihar,delivered,5.0,Late
ORD004399,Uttar Pradesh,delivered,2.0,On Time
ORD004401,Madhya Pradesh,delivered,6.0,On Time
ORD004404,Pune,delivered,9.0,Late
ORD004405,Madhya Pradesh,delivered,15.0,Late
ORD004408,Telangana,delivered,8.0,Late
ORD004411,Delhi,delivered,7.0,Late
ORD004412,Odisha,delivered,11.0,Late
ORD004413,Maharashtra,delivered,6.0,On Time
ORD004414,Bihar,delivered,3.0,On Time
ORD004415,Odisha,delivered,12.0,Late
ORD004416,Madhya Pradesh,delivered,8.0,On Time
ORD004418,Tamil Nadu,delivered,15.0,Late
ORD004420,Delhi,delivered,13.0,Late
ORD004421,Delhi,delivered,8.0,On Time
ORD004422,Pune,delivered,2.0,On Time
ORD004424,Pune,delivered,5.0,Late
ORD004425,Karnataka,delivered,10.0,Late
ORD004427,Telangana,delivered,7.0,On Time
ORD004428,Bihar,delivered,5.0,On Time
ORD004429,Karnataka,delivered,8.0,On Time
ORD004430,Karnataka,delivered,10.0,On Time
ORD004431,Karnataka,delivered,10.0,Late
ORD004432,Maharashtra,delivered,10.0,On Time
ORD004434,Maharashtra,delivered,13.0,Late
ORD004435,Telangana,delivered,13.0,Late
ORD004437,Karnataka,delivered,10.0,Late
ORD004439,Gujarat,delivered,8.0,Late
ORD004441,Karnataka,delivered,11.0,Late
ORD004442,Odisha,delivered,7.0,On Time
ORD004443,Uttar Pradesh,delivered,13.0,Late
ORD004444,Rajasthan,delivered,5.0,On Time
ORD004445,Madhya Pradesh,delivered,8.0,On Time
ORD004448,Gujarat,delivered,11.0,Late
ORD004451,Odisha,delivered,3.0,On Time
ORD004452,Telangana,delivered,5.0,Late
ORD004455,Rajasthan,delivered,9.0,On Time
ORD004457,Odisha,delivered,8.0,On Time
ORD004458,Gujarat,delivered,4.0,On Time
ORD004462,Pune,delivered,9.0,On Time
ORD004463,Maharashtra,delivered,10.0,On Time
ORD004464,Maharashtra,delivered,10.0,Late
ORD004465,Rajasthan,delivered,10.0,On Time
ORD004466,Telangana,delivered,10.0,Late
ORD004471,Karnataka,delivered,3.0,On Time
ORD004472,Rajasthan,delivered,9.0,Late
ORD004477,Odisha,delivered,5.0,On Time
ORD004479,Gujarat,delivered,12.0,Late
ORD004480,Kerala,delivered,6.0,On Time
ORD004482,Kerala,delivered,14.0,Late
ORD004483,Kerala,delivered,11.0,Late
ORD004484,Madhya Pradesh,delivered,6.0,On Time
ORD004486,Madhya Pradesh,delivered,2.0,On Time
ORD004488,Bihar,delivered,9.0,Late
ORD004490,Maharashtra,delivered,14.0,Late
ORD004492,Tamil Nadu,delivered,6.0,Late
ORD004493,Madhya Pradesh,delivered,10.0,Late
ORD004494,Odisha,delivered,13.0,Late
ORD004495,Rajasthan,delivered,10.0,Late
ORD004496,Karnataka,delivered,10.0,On Time
ORD004498,Bihar,delivered,11.0,Late
ORD004499,Gujarat,delivered,3.0,On Time
ORD004500,Karnataka,delivered,14.0,Late
ORD004502,Bihar,delivered,13.0,Late
ORD004504,Haryana,delivered,10.0,Late
ORD004505,Kerala,delivered,5.0,On Time
ORD004506,Uttar Pradesh,delivered,4.0,On Time
ORD004507,Rajasthan,delivered,8.0,On Time
ORD004510,Pune,delivered,6.0,Late
ORD004514,Pune,delivered,2.0,On Time
ORD004515,Haryana,delivered,8.0,On Time
ORD004516,Bihar,delivered,6.0,Late
ORD004517,Kerala,delivered,6.0,On Time
ORD004518,Uttar Pradesh,delivered,4.0,On Time
ORD004521,Karnataka,delivered,4.0,Late
ORD004522,Maharashtra,delivered,9.0,Late
ORD004526,Odisha,delivered,6.0,On Time
ORD004527,Rajasthan,delivered,12.0,Late
ORD004530,Uttar Pradesh,delivered,12.0,Late
ORD004531,Haryana,delivered,11.0,Late
ORD004532,Pune,delivered,6.0,Late
ORD004535,Bihar,delivered,11.0,Late
ORD004536,Maharashtra,delivered,7.0,On Time
ORD004537,Delhi,delivered,9.0,Late
ORD004538,Maharashtra,delivered,11.0,Late
ORD004539,Pune,delivered,8.0,On Time
ORD004541,Uttar Pradesh,delivered,11.0,Late
ORD004543,Gujarat,delivered,9.0,Late
ORD004548,Rajasthan,delivered,12.0,Late
ORD004549,Gujarat,delivered,7.0,On Time
ORD004550,Gujarat,delivered,8.0,Late
ORD004551,Uttar Pradesh,delivered,4.0,Late
ORD004552,Telangana,delivered,8.0,On Time
ORD004553,Karnataka,delivered,6.0,On Time
ORD004554,Pune,delivered,6.0,Late
ORD004555,Gujarat,delivered,5.0,On Time
ORD004561,Tamil Nadu,delivered,7.0,Late
ORD004563,Maharashtra,delivered,7.0,On Time
ORD004566,Delhi,delivered,11.0,Late
ORD004567,Gujarat,delivered,8.0,Late
ORD004568,Rajasthan,delivered,7.0,Late
ORD004569,Telangana,delivered,6.0,Late
ORD004570,Telangana,delivered,10.0,On Time
ORD004574,Telangana,delivered,7.0,Late
ORD004576,Maharashtra,delivered,5.0,Late
ORD004580,Odisha,delivered,7.0,Late
ORD004581,Bihar,delivered,5.0,Late
ORD004582,Madhya Pradesh,delivered,7.0,Late
ORD004583,Karnataka,delivered,12.0,Late
ORD004584,Haryana,delivered,9.0,Late
ORD004585,Telangana,delivered,10.0,Late
ORD004587,West Bengal,delivered,9.0,Late
ORD004588,Kerala,delivered,13.0,Late
ORD004589,Delhi,delivered,9.0,Late
ORD004590,Maharashtra,delivered,7.0,On Time
ORD004591,Maharashtra,delivered,6.0,On Time
ORD004595,Odisha,delivered,9.0,Late
ORD004598,Telangana,delivered,8.0,Late
ORD004601,Telangana,delivered,4.0,On Time
ORD004605,West Bengal,delivered,10.0,Late
ORD004607,Odisha,delivered,5.0,On Time
ORD004610,Rajasthan,delivered,7.0,On Time
ORD004611,Delhi,delivered,5.0,Late
ORD004612,Kerala,delivered,9.0,On Time
ORD004614,Madhya Pradesh,delivered,10.0,Late
ORD004617,Odisha,delivered,15.0,Late
ORD004620,West Bengal,delivered,2.0,On Time
ORD004622,Madhya Pradesh,delivered,5.0,Late
ORD004623,Odisha,delivered,12.0,Late
ORD004624,Rajasthan,delivered,8.0,On Time
ORD004625,Delhi,delivered,14.0,Late
ORD004628,Kerala,delivered,9.0,On Time
ORD004629,Odisha,delivered,11.0,Late
ORD004630,Uttar Pradesh,delivered,8.0,On Time
ORD004632,Telangana,delivered,8.0,On Time
ORD004633,Karnataka,delivered,15.0,Late
ORD004637,Bihar,delivered,10.0,Late
ORD004639,Bihar,delivered,10.0,Late
ORD004642,Tamil Nadu,delivered,1.0,On Time
ORD004643,Rajasthan,delivered,9.0,Late
ORD004654,Telangana,delivered,9.0,Late
ORD004656,Odisha,delivered,8.0,Late
ORD004658,Haryana,delivered,8.0,Late
ORD004660,Kerala,delivered,13.0,Late
ORD004661,Telangana,delivered,11.0,Late
ORD004662,Bihar,delivered,6.0,On Time
ORD004664,Madhya Pradesh,delivered,7.0,Late
ORD004665,Haryana,delivered,6.0,On Time
ORD004666,Maharashtra,delivered,5.0,On Time
ORD004667,Odisha,delivered,7.0,Late
ORD004668,Bihar,delivered,13.0,Late
ORD004669,Rajasthan,delivered,6.0,On Time
ORD004670,Maharashtra,delivered,11.0,Late
ORD004672,Haryana,delivered,10.0,Late
ORD004673,Rajasthan,delivered,5.0,On Time
ORD004676,Gujarat,delivered,8.0,Late
ORD004678,Telangana,delivered,8.0,Late
ORD004679,Gujarat,delivered,5.0,On Time
ORD004682,Pune,delivered,10.0,Late
ORD004683,Telangana,delivered,10.0,On Time
ORD004684,Bihar,delivered,1.0,On Time
ORD004685,Tamil Nadu,delivered,3.0,On Time
ORD004686,Kerala,delivered,7.0,Late
ORD004689,Delhi,delivered,12.0,Late
ORD004691,Maharashtra,delivered,7.0,On Time
ORD004693,Maharashtra,delivered,3.0,On Time
ORD004695,Telangana,delivered,5.0,On Time
ORD004696,Gujarat,delivered,3.0,On Time
ORD004699,Kerala,delivered,10.0,Late
ORD004702,Odisha,delivered,8.0,Late
ORD004703,Gujarat,delivered,7.0,Late
ORD004704,Kerala,delivered,7.0,Late
ORD004705,Tamil Nadu,delivered,6.0,On Time
ORD004706,Haryana,delivered,9.0,Late
ORD004708,Tamil Nadu,delivered,2.0,On Time
ORD004710,West Bengal,delivered,9.0,Late
ORD004714,Gujarat,delivered,10.0,On Time
ORD004717,Maharashtra,delivered,11.0,Late
ORD004719,West Bengal,delivered,10.0,Late
ORD004720,Bihar,delivered,9.0,On Time
ORD004721,Gujarat,delivered,8.0,Late
ORD004723,Haryana,delivered,6.0,On Time
ORD004725,Karnataka,delivered,11.0,Late
ORD004728,Uttar Pradesh,delivered,8.0,Late
ORD004730,Bihar,delivered,8.0,On Time
ORD004738,Uttar Pradesh,delivered,9.0,Late
ORD004739,Kerala,delivered,13.0,Late
ORD004744,Telangana,delivered,13.0,Late
ORD004748,Haryana,delivered,6.0,On Time
ORD004749,Bihar,delivered,2.0,On Time
ORD004751,Haryana,delivered,5.0,On Time
ORD004752,West Bengal,delivered,3.0,On Time
ORD004753,Bihar,delivered,9.0,Late
ORD004754,Karnataka,delivered,7.0,On Time
ORD004757,Gujarat,delivered,10.0,On Time
ORD004758,Bihar,delivered,2.0,On Time
ORD004759,Odisha,delivered,11.0,Late
ORD004765,Bihar,delivered,12.0,Late
ORD004766,Bihar,delivered,13.0,Late
ORD004769,Bihar,delivered,9.0,Late
ORD004770,Telangana,delivered,8.0,On Time
ORD004774,Odisha,delivered,9.0,Late
ORD004775,Uttar Pradesh,delivered,13.0,Late
ORD004776,Madhya Pradesh,delivered,3.0,On Time
ORD004777,Rajasthan,delivered,10.0,Late
ORD004778,Madhya Pradesh,delivered,6.0,On Time
ORD004781,Uttar Pradesh,delivered,3.0,On Time
ORD004782,Telangana,delivered,4.0,On Time
ORD004784,Kerala,delivered,6.0,Late
ORD004786,Bihar,delivered,8.0,Late
ORD004789,Rajasthan,delivered,13.0,Late
ORD004790,Kerala,delivered,7.0,Late
ORD004791,Uttar Pradesh,delivered,8.0,On Time
ORD004797,Telangana,delivered,8.0,Late
ORD004798,Pune,delivered,9.0,On Time
ORD004800,Karnataka,delivered,3.0,On Time
ORD004803,Rajasthan,delivered,12.0,Late
ORD004804,Bihar,delivered,8.0,Late
ORD004805,Maharashtra,delivered,10.0,Late
ORD004806,Haryana,delivered,6.0,On Time
ORD004809,Delhi,delivered,7.0,Late
ORD004810,Telangana,delivered,14.0,Late
ORD004817,Odisha,delivered,9.0,Late
ORD004819,Odisha,delivered,2.0,On Time
ORD004820,Rajasthan,delivered,6.0,On Time
ORD004826,Gujarat,delivered,13.0,Late
ORD004830,Delhi,delivered,9.0,Late
ORD004831,Madhya Pradesh,delivered,10.0,Late
ORD004834,Bihar,delivered,10.0,Late
ORD004836,West Bengal,delivered,4.0,Late
ORD004839,Rajasthan,delivered,10.0,Late
ORD004841,Kerala,delivered,10.0,Late
ORD004842,Kerala,delivered,8.0,Late
ORD004843,Gujarat,delivered,8.0,On Time
ORD004844,Bihar,delivered,8.0,On Time
ORD004847,Pune,delivered,5.0,On Time
ORD004848,Gujarat,delivered,5.0,On Time
ORD004851,Haryana,delivered,10.0,Late
ORD004854,Rajasthan,delivered,13.0,Late
ORD004856,Telangana,delivered,7.0,On Time
ORD004857,Karnataka,delivered,1.0,On Time
ORD004858,Kerala,delivered,12.0,Late
ORD004859,Gujarat,delivered,7.0,Late
ORD004860,Uttar Pradesh,delivered,7.0,On Time
ORD004861,Uttar Pradesh,delivered,5.0,Late
ORD004862,Maharashtra,delivered,8.0,On Time
ORD004864,Pune,delivered,10.0,On Time
ORD004865,West Bengal,delivered,6.0,On Time
ORD004871,Rajasthan,delivered,5.0,Late
ORD004872,Madhya Pradesh,delivered,6.0,On Time
ORD004873,Haryana,delivered,7.0,Late
ORD004874,Pune,delivered,13.0,Late
ORD004875,Delhi,delivered,13.0,Late
ORD004878,West Bengal,delivered,13.0,Late
ORD004879,Maharashtra,delivered,8.0,On Time
ORD004881,Kerala,delivered,7.0,Late
ORD004882,Odisha,delivered,11.0,Late
ORD004884,Odisha,delivered,5.0,On Time
ORD004886,Tamil Nadu,delivered,2.0,On Time
ORD004887,Haryana,delivered,11.0,Late
ORD004888,Karnataka,delivered,8.0,Late
ORD004892,Tamil Nadu,delivered,9.0,On Time
ORD004893,Karnataka,delivered,8.0,On Time
ORD004897,Karnataka,delivered,8.0,Late
ORD004898,Telangana,delivered,3.0,On Time
ORD004899,Tamil Nadu,delivered,8.0,On Time
ORD004900,Karnataka,delivered,5.0,On Time
ORD004901,Maharashtra,delivered,11.0,Late
ORD004903,Odisha,delivered,12.0,Late
ORD004904,Odisha,delivered,12.0,Late
ORD004908,Bihar,delivered,14.0,Late
ORD004911,Telangana,delivered,6.0,On Time
ORD004912,Kerala,delivered,3.0,On Time
ORD004914,Telangana,delivered,8.0,On Time
ORD004916,Uttar Pradesh,delivered,3.0,On Time
ORD004917,West Bengal,delivered,3.0,On Time
ORD004918,Telangana,delivered,7.0,On Time
ORD004919,Pune,delivered,9.0,On Time
ORD004920,Rajasthan,delivered,8.0,On Time
ORD004921,Bihar,delivered,8.0,Late
ORD004922,Pune,delivered,9.0,On Time
ORD004930,Gujarat,delivered,2.0,On Time
ORD004931,Delhi,delivered,7.0,On Time
ORD004934,Uttar Pradesh,delivered,5.0,Late
ORD004935,Bihar,delivered,3.0,On Time
ORD004936,Uttar Pradesh,delivered,8.0,On Time
ORD004937,Uttar Pradesh,delivered,10.0,Late
ORD004938,Haryana,delivered,6.0,Late
ORD004939,Odisha,delivered,9.0,On Time
ORD004940,Kerala,delivered,8.0,Late
ORD004941,Kerala,delivered,4.0,Late
ORD004943,Maharashtra,delivered,6.0,On Time
ORD004949,Haryana,delivered,9.0,Late
ORD004953,West Bengal,delivered,8.0,Late
ORD004954,Uttar Pradesh,delivered,8.0,Late
ORD004955,Odisha,delivered,11.0,Late
ORD004957,Rajasthan,delivered,13.0,Late
ORD004960,Odisha,delivered,5.0,On Time
ORD004962,Haryana,delivered,11.0,Late
ORD004963,Delhi,delivered,4.0,On Time
ORD004964,Karnataka,delivered,12.0,Late
ORD004965,West Bengal,delivered,12.0,Late
ORD004969,Pune,delivered,8.0,Late
ORD004971,Telangana,delivered,10.0,Late
ORD004972,Tamil Nadu,delivered,9.0,On Time
ORD004973,Odisha,delivered,5.0,Late
ORD004975,Karnataka,delivered,4.0,On Time
ORD004976,Rajasthan,delivered,8.0,Late
ORD004977,Pune,delivered,13.0,Late
ORD004979,Pune,delivered,6.0,On Time
ORD004982,Rajasthan,delivered,3.0,On Time
ORD004983,Delhi,delivered,8.0,On Time
ORD004984,Maharashtra,delivered,6.0,Late
ORD004987,Maharashtra,delivered,12.0,Late
ORD004989,Haryana,delivered,5.0,On Time
ORD004991,Pune,delivered,2.0,On Time
ORD004995,Telangana,delivered,11.0,Late
ORD004997,Maharashtra,delivered,13.0,Late
ORD004999,Telangana,delivered,2.0,On Time
ORD005001,Tamil Nadu,delivered,7.0,On Time
ORD005002,Haryana,delivered,3.0,On Time
ORD005003,Gujarat,delivered,6.0,On Time
ORD005004,Odisha,delivered,5.0,On Time
ORD005006,Karnataka,delivered,9.0,On Time
ORD005008,Bihar,delivered,4.0,Late
ORD005012,Gujarat,delivered,6.0,On Time
ORD005014,Odisha,delivered,5.0,On Time
ORD005016,Maharashtra,delivered,14.0,Late
ORD005018,Telangana,delivered,2.0,On Time
ORD005021,Delhi,delivered,10.0,Late
ORD005023,Rajasthan,delivered,9.0,Late
ORD005024,Tamil Nadu,delivered,6.0,On Time
ORD005025,Karnataka,delivered,9.0,Late
ORD005026,Rajasthan,delivered,5.0,Late
ORD005029,Bihar,delivered,2.0,On Time
ORD005031,Madhya Pradesh,delivered,8.0,Late
ORD005035,Karnataka,delivered,9.0,On Time
ORD005036,Pune,delivered,11.0,Late
ORD005037,West Bengal,delivered,2.0,On Time
ORD005039,West Bengal,delivered,12.0,Late
ORD005040,Pune,delivered,13.0,Late
ORD005043,Bihar,delivered,4.0,On Time
ORD005045,Kerala,delivered,14.0,Late
ORD005047,Bihar,delivered,7.0,On Time
ORD005048,Karnataka,delivered,9.0,Late
ORD005053,Maharashtra,delivered,13.0,Late
ORD005056,Rajasthan,delivered,8.0,On Time
ORD005059,Bihar,delivered,8.0,Late
ORD005060,Karnataka,delivered,12.0,Late
ORD005061,West Bengal,delivered,5.0,Late
ORD005067,Telangana,delivered,10.0,Late
ORD005071,Haryana,delivered,12.0,Late
ORD005072,Tamil Nadu,delivered,2.0,On Time
ORD005073,Pune,delivered,8.0,On Time
ORD005074,Maharashtra,delivered,10.0,Late
ORD005077,Karnataka,delivered,11.0,Late
ORD005078,Maharashtra,delivered,10.0,Late
ORD005079,Odisha,delivered,10.0,Late
ORD005082,Tamil Nadu,delivered,8.0,Late
ORD005084,Odisha,delivered,3.0,On Time
ORD005086,Pune,delivered,8.0,Late
ORD005087,Madhya Pradesh,delivered,5.0,Late
ORD005090,Maharashtra,delivered,5.0,Late
ORD005091,Kerala,delivered,10.0,Late
ORD005095,Uttar Pradesh,delivered,6.0,On Time
ORD005096,Tamil Nadu,delivered,4.0,Late
ORD005097,Telangana,delivered,10.0,On Time
ORD005099,Rajasthan,delivered,12.0,Late
ORD005101,Kerala,delivered,13.0,Late
ORD005103,West Bengal,delivered,7.0,On Time
ORD005104,Maharashtra,delivered,11.0,Late
ORD005107,Kerala,delivered,5.0,On Time
ORD005109,Madhya Pradesh,delivered,8.0,Late
ORD005110,Haryana,delivered,14.0,Late
ORD005111,Rajasthan,delivered,10.0,Late
ORD005114,Uttar Pradesh,delivered,9.0,Late
ORD005117,Rajasthan,delivered,9.0,On Time
ORD005119,Uttar Pradesh,delivered,13.0,Late
ORD005122,Maharashtra,delivered,11.0,Late
ORD005124,Telangana,delivered,14.0,Late
ORD005127,Kerala,delivered,15.0,Late
ORD005130,Madhya Pradesh,delivered,7.0,On Time
ORD005133,Haryana,delivered,12.0,Late
ORD005141,Maharashtra,delivered,12.0,Late
ORD005142,Haryana,delivered,12.0,Late
ORD005143,Gujarat,delivered,9.0,Late
ORD005145,Maharashtra,delivered,11.0,Late
ORD005147,Uttar Pradesh,delivered,7.0,Late
ORD005148,Bihar,delivered,11.0,Late
ORD005150,Uttar Pradesh,delivered,13.0,Late
ORD005151,Telangana,delivered,15.0,Late
ORD005152,Uttar Pradesh,delivered,4.0,On Time
ORD005153,Uttar Pradesh,delivered,15.0,Late
ORD005154,Uttar Pradesh,delivered,12.0,Late
ORD005155,Gujarat,delivered,6.0,On Time
ORD005156,Rajasthan,delivered,14.0,Late
ORD005157,Odisha,delivered,2.0,On Time
ORD005158,West Bengal,delivered,12.0,Late
ORD005164,Odisha,delivered,6.0,Late
ORD005170,Kerala,delivered,9.0,Late
ORD005171,Rajasthan,delivered,7.0,Late
ORD005172,Kerala,delivered,8.0,Late
ORD005176,Rajasthan,delivered,7.0,Late
ORD005178,Maharashtra,delivered,12.0,Late
ORD005179,Odisha,delivered,3.0,On Time
ORD005181,Uttar Pradesh,delivered,8.0,On Time
ORD005183,Telangana,delivered,7.0,Late
ORD005184,Kerala,delivered,7.0,Late
ORD005185,Maharashtra,delivered,4.0,On Time
ORD005186,Bihar,delivered,10.0,Late
ORD005187,Gujarat,delivered,12.0,Late
ORD005188,Maharashtra,delivered,7.0,On Time
ORD005191,Tamil Nadu,delivered,4.0,On Time
ORD005197,Maharashtra,delivered,6.0,Late
ORD005200,Kerala,delivered,3.0,On Time
ORD005201,West Bengal,delivered,2.0,On Time
ORD005203,Tamil Nadu,delivered,6.0,On Time
ORD005205,Haryana,delivered,6.0,Late
ORD005206,Gujarat,delivered,8.0,Late
ORD005211,Uttar Pradesh,delivered,8.0,On Time
ORD005214,Pune,delivered,7.0,On Time
ORD005216,Rajasthan,delivered,9.0,Late
ORD005217,Tamil Nadu,delivered,4.0,On Time
ORD005220,Haryana,delivered,4.0,Late
ORD005221,Haryana,delivered,8.0,Late
ORD005228,Gujarat,delivered,2.0,On Time
ORD005230,Rajasthan,delivered,12.0,Late
ORD005232,Bihar,delivered,13.0,Late
ORD005234,Madhya Pradesh,delivered,12.0,Late
ORD005236,Rajasthan,delivered,7.0,On Time
ORD005237,Kerala,delivered,3.0,On Time
ORD005238,Gujarat,delivered,9.0,On Time
ORD005239,Pune,delivered,7.0,On Time
ORD005240,West Bengal,delivered,7.0,Late
ORD005243,Kerala,delivered,6.0,On Time
ORD005244,Gujarat,delivered,13.0,Late
ORD005245,Bihar,delivered,8.0,On Time
ORD005248,Telangana,delivered,10.0,Late
ORD005254,Karnataka,delivered,11.0,Late
ORD005255,Karnataka,delivered,14.0,Late
ORD005257,Uttar Pradesh,delivered,4.0,On Time
ORD005259,Uttar Pradesh,delivered,7.0,On Time
ORD005260,Kerala,delivered,8.0,On Time
ORD005261,Delhi,delivered,10.0,Late
ORD005262,Maharashtra,delivered,4.0,On Time
ORD005264,Pune,delivered,6.0,Late
ORD005265,Uttar Pradesh,delivered,7.0,On Time
ORD005266,Telangana,delivered,11.0,Late
ORD005270,Kerala,delivered,12.0,Late
ORD005274,Odisha,delivered,6.0,On Time
ORD005275,Maharashtra,delivered,10.0,Late
ORD005276,Tamil Nadu,delivered,10.0,Late
ORD005277,Uttar Pradesh,delivered,6.0,On Time
ORD005278,Haryana,delivered,4.0,On Time
ORD005279,Madhya Pradesh,delivered,8.0,On Time
ORD005280,Pune,delivered,1.0,On Time
ORD005282,Haryana,delivered,4.0,On Time
ORD005286,West Bengal,delivered,10.0,Late
ORD005287,Bihar,delivered,2.0,On Time
ORD005296,Bihar,delivered,9.0,Late
ORD005300,Pune,delivered,3.0,On Time
ORD005301,Madhya Pradesh,delivered,10.0,Late
ORD005302,Madhya Pradesh,delivered,14.0,Late
ORD005304,Rajasthan,delivered,12.0,Late
ORD005306,Odisha,delivered,15.0,Late
ORD005307,Odisha,delivered,12.0,Late
ORD005310,Tamil Nadu,delivered,4.0,On Time
ORD005311,Madhya Pradesh,delivered,4.0,On Time
ORD005312,Haryana,delivered,14.0,Late
ORD005314,Rajasthan,delivered,12.0,Late
ORD005318,Kerala,delivered,8.0,On Time
ORD005319,Delhi,delivered,7.0,Late
ORD005322,Telangana,delivered,14.0,Late
ORD005323,Kerala,delivered,13.0,Late
ORD005324,West Bengal,delivered,9.0,On Time
ORD005326,Madhya Pradesh,delivered,5.0,On Time
ORD005327,Kerala,delivered,12.0,Late
ORD005329,Maharashtra,delivered,2.0,On Time
ORD005331,Telangana,delivered,8.0,On Time
ORD005334,Karnataka,delivered,8.0,Late
ORD005335,Kerala,delivered,12.0,Late
ORD005337,Bihar,delivered,6.0,On Time
ORD005339,Pune,delivered,9.0,Late
ORD005341,Bihar,delivered,3.0,On Time
ORD005344,Rajasthan,delivered,10.0,Late
ORD005345,Rajasthan,delivered,5.0,On Time
ORD005352,West Bengal,delivered,10.0,Late
ORD005354,West Bengal,delivered,5.0,On Time
ORD005356,West Bengal,delivered,8.0,Late
ORD005358,Karnataka,delivered,9.0,Late
ORD005361,Tamil Nadu,delivered,11.0,Late
ORD005362,Uttar Pradesh,delivered,8.0,Late
ORD005366,Telangana,delivered,5.0,On Time
ORD005367,Telangana,delivered,11.0,Late
ORD005368,Haryana,delivered,3.0,On Time
ORD005369,Delhi,delivered,5.0,On Time
ORD005370,Pune,delivered,6.0,On Time
ORD005371,Haryana,delivered,14.0,Late
ORD005372,Karnataka,delivered,11.0,Late
ORD005373,Rajasthan,delivered,11.0,Late
ORD005377,Pune,delivered,5.0,Late
ORD005382,Kerala,delivered,8.0,Late
ORD005383,Bihar,delivered,7.0,Late
ORD005384,Madhya Pradesh,delivered,11.0,Late
ORD005385,Madhya Pradesh,delivered,7.0,On Time
ORD005387,Odisha,delivered,13.0,Late
ORD005388,Pune,delivered,9.0,On Time
ORD005389,Uttar Pradesh,delivered,4.0,On Time
ORD005390,Tamil Nadu,delivered,5.0,On Time
ORD005395,Haryana,delivered,6.0,On Time
ORD005396,Karnataka,delivered,7.0,On Time
ORD005397,Karnataka,delivered,8.0,Late
ORD005398,Delhi,delivered,12.0,Late
ORD005400,Madhya Pradesh,delivered,8.0,On Time
ORD005401,Bihar,delivered,2.0,On Time
ORD005403,Madhya Pradesh,delivered,7.0,Late
ORD005405,Karnataka,delivered,5.0,On Time
ORD005409,Uttar Pradesh,delivered,10.0,Late
ORD005410,Uttar Pradesh,delivered,9.0,Late
ORD005411,Kerala,delivered,2.0,On Time
ORD005412,Tamil Nadu,delivered,9.0,Late
ORD005413,Pune,delivered,6.0,Late
ORD005415,Tamil Nadu,delivered,8.0,Late
ORD005416,Telangana,delivered,8.0,On Time
ORD005420,Delhi,delivered,8.0,On Time
ORD005421,Tamil Nadu,delivered,11.0,Late
ORD005422,Odisha,delivered,2.0,On Time
ORD005423,Telangana,delivered,7.0,Late
ORD005424,Odisha,delivered,15.0,Late
ORD005425,Maharashtra,delivered,9.0,Late
ORD005426,Maharashtra,delivered,10.0,Late
ORD005429,Tamil Nadu,delivered,5.0,Late
ORD005441,Haryana,delivered,4.0,On Time
ORD005445,Tamil Nadu,delivered,7.0,Late
ORD005446,Pune,delivered,13.0,Late
ORD005447,Bihar,delivered,6.0,On Time
ORD005450,Maharashtra,delivered,3.0,On Time
ORD005451,Madhya Pradesh,delivered,6.0,On Time
ORD005455,West Bengal,delivered,12.0,Late
ORD005456,Pune,delivered,7.0,Late
ORD005458,Tamil Nadu,delivered,2.0,On Time
ORD005461,Uttar Pradesh,delivered,7.0,Late
ORD005463,Uttar Pradesh,delivered,6.0,On Time
ORD005464,Maharashtra,delivered,7.0,Late
ORD005465,Tamil Nadu,delivered,12.0,Late
ORD005466,Bihar,delivered,10.0,Late
ORD005473,Haryana,delivered,5.0,On Time
ORD005474,Karnataka,delivered,5.0,On Time
ORD005476,Karnataka,delivered,11.0,Late
ORD005478,West Bengal,delivered,11.0,Late
ORD005479,Karnataka,delivered,1.0,On Time
ORD005480,Maharashtra,delivered,2.0,On Time
ORD005481,Maharashtra,delivered,7.0,Late
ORD005486,Karnataka,delivered,6.0,On Time
ORD005492,Pune,delivered,14.0,Late
ORD005495,Madhya Pradesh,delivered,3.0,On Time
ORD005496,Maharashtra,delivered,7.0,Late
ORD005498,Delhi,delivered,11.0,Late
ORD005500,Delhi,delivered,6.0,Late
ORD005502,Delhi,delivered,12.0,Late
ORD005504,Madhya Pradesh,delivered,6.0,Late
ORD005507,Gujarat,delivered,7.0,Late
ORD005508,Telangana,delivered,7.0,Late
ORD005509,Maharashtra,delivered,6.0,On Time
ORD005510,Maharashtra,delivered,6.0,Late
ORD005514,Gujarat,delivered,10.0,Late
ORD005515,Pune,delivered,3.0,On Time
ORD005518,Karnataka,delivered,12.0,Late
ORD005520,Gujarat,delivered,10.0,Late
ORD005522,Delhi,delivered,8.0,On Time
ORD005524,Haryana,delivered,8.0,Late
ORD005527,Bihar,delivered,7.0,On Time
ORD005529,Maharashtra,delivered,5.0,On Time
ORD005531,Delhi,delivered,4.0,Late
ORD005533,West Bengal,delivered,6.0,On Time
ORD005534,Maharashtra,delivered,4.0,Late
ORD005536,Gujarat,delivered,2.0,On Time
ORD005537,Gujarat,delivered,6.0,On Time
ORD005538,Uttar Pradesh,delivered,5.0,Late
ORD005539,Madhya Pradesh,delivered,12.0,Late
ORD005541,West Bengal,delivered,6.0,Late
ORD005543,Madhya Pradesh,delivered,9.0,Late
ORD005545,Delhi,delivered,8.0,On Time
ORD005548,Pune,delivered,8.0,On Time
ORD005549,Karnataka,delivered,12.0,Late
ORD005551,Tamil Nadu,delivered,8.0,Late
ORD005552,Tamil Nadu,delivered,8.0,Late
ORD005553,Haryana,delivered,14.0,Late
ORD005554,Gujarat,delivered,8.0,On Time
ORD005556,Karnataka,delivered,7.0,Late
ORD005560,Karnataka,delivered,4.0,On Time
ORD005564,Madhya Pradesh,delivered,8.0,On Time
ORD005565,Maharashtra,delivered,7.0,Late
ORD005566,Haryana,delivered,9.0,Late
ORD005569,Tamil Nadu,delivered,3.0,On Time
ORD005570,Gujarat,delivered,3.0,On Time
ORD005574,Rajasthan,delivered,4.0,On Time
ORD005575,Uttar Pradesh,delivered,5.0,Late
ORD005576,Haryana,delivered,5.0,Late
ORD005578,Kerala,delivered,3.0,On Time
ORD005579,Madhya Pradesh,delivered,2.0,On Time
ORD005580,Telangana,delivered,3.0,On Time
ORD005581,Rajasthan,delivered,12.0,Late
ORD005583,Maharashtra,delivered,8.0,Late
ORD005585,Haryana,delivered,3.0,On Time
ORD005586,Odisha,delivered,9.0,On Time
ORD005587,Telangana,delivered,11.0,Late
ORD005588,Odisha,delivered,4.0,On Time
ORD005591,Uttar Pradesh,delivered,3.0,On Time
ORD005594,Rajasthan,delivered,7.0,On Time
ORD005597,Maharashtra,delivered,6.0,On Time
ORD005599,Kerala,delivered,9.0,Late
ORD005600,Rajasthan,delivered,8.0,Late
ORD005601,West Bengal,delivered,7.0,Late
ORD005602,Karnataka,delivered,9.0,Late
ORD005604,Maharashtra,delivered,14.0,Late
ORD005607,Haryana,delivered,13.0,Late
ORD005613,Madhya Pradesh,delivered,9.0,Late
ORD005615,Delhi,delivered,3.0,On Time
ORD005617,Gujarat,delivered,4.0,On Time
ORD005618,Odisha,delivered,10.0,Late
ORD005623,Tamil Nadu,delivered,10.0,Late
ORD005624,Telangana,delivered,6.0,On Time
ORD005626,Haryana,delivered,13.0,Late
ORD005630,Madhya Pradesh,delivered,5.0,Late
ORD005632,West Bengal,delivered,4.0,On Time
ORD005635,West Bengal,delivered,10.0,On Time
ORD005636,Madhya Pradesh,delivered,7.0,Late
ORD005637,Madhya Pradesh,delivered,11.0,Late
ORD005638,Rajasthan,delivered,9.0,Late
ORD005639,Odisha,delivered,8.0,On Time
ORD005642,West Bengal,delivered,10.0,Late
ORD005643,Madhya Pradesh,delivered,8.0,Late
ORD005644,Haryana,delivered,14.0,Late
ORD005646,Karnataka,delivered,7.0,Late
ORD005647,Karnataka,delivered,11.0,Late
ORD005650,Maharashtra,delivered,9.0,On Time
ORD005651,Rajasthan,delivered,2.0,On Time
ORD005653,Madhya Pradesh,delivered,10.0,Late
ORD005654,Haryana,delivered,1.0,On Time
ORD005655,Karnataka,delivered,9.0,Late
ORD005657,Pune,delivered,10.0,Late
ORD005658,Maharashtra,delivered,10.0,Late
ORD005659,Kerala,delivered,8.0,On Time
ORD005662,Maharashtra,delivered,9.0,Late
ORD005663,Maharashtra,delivered,2.0,On Time
ORD005667,Pune,delivered,10.0,Late
ORD005668,Tamil Nadu,delivered,8.0,On Time
ORD005669,Karnataka,delivered,9.0,Late
ORD005670,West Bengal,delivered,3.0,On Time
ORD005672,West Bengal,delivered,9.0,On Time
ORD005673,Kerala,delivered,7.0,Late
ORD005675,Rajasthan,delivered,7.0,On Time
ORD005676,Rajasthan,delivered,9.0,Late
ORD005677,Telangana,delivered,10.0,Late
ORD005680,Madhya Pradesh,delivered,8.0,On Time
ORD005681,Uttar Pradesh,delivered,2.0,On Time
ORD005684,Maharashtra,delivered,8.0,On Time
ORD005686,Delhi,delivered,6.0,Late
ORD005689,Odisha,delivered,7.0,Late
ORD005690,Odisha,delivered,14.0,Late
ORD005692,Kerala,delivered,8.0,Late
ORD005693,Telangana,delivered,7.0,On Time
ORD005696,Kerala,delivered,9.0,On Time
ORD005698,West Bengal,delivered,11.0,Late
ORD005699,West Bengal,delivered,9.0,Late
ORD005701,Uttar Pradesh,delivered,7.0,Late
ORD005703,Delhi,delivered,12.0,Late
ORD005712,Bihar,delivered,9.0,Late
ORD005713,Maharashtra,delivered,1.0,On Time
ORD005714,Uttar Pradesh,delivered,12.0,Late
ORD005715,Madhya Pradesh,delivered,7.0,Late
ORD005716,Gujarat,delivered,8.0,On Time
ORD005717,Maharashtra,delivered,13.0,Late
ORD005720,Delhi,delivered,9.0,Late
ORD005723,Rajasthan,delivered,9.0,On Time
ORD005724,Maharashtra,delivered,5.0,On Time
ORD005725,Tamil Nadu,delivered,8.0,On Time
ORD005726,Gujarat,delivered,9.0,Late
ORD005727,Madhya Pradesh,delivered,7.0,On Time
ORD005728,West Bengal,delivered,9.0,On Time
ORD005729,Odisha,delivered,5.0,On Time
ORD005731,Madhya Pradesh,delivered,5.0,Late
ORD005732,Gujarat,delivered,7.0,On Time
ORD005733,Haryana,delivered,7.0,Late
ORD005735,Haryana,delivered,7.0,On Time
ORD005738,Haryana,delivered,5.0,On Time
ORD005741,Pune,delivered,5.0,Late
ORD005742,Karnataka,delivered,12.0,Late
ORD005743,Pune,delivered,14.0,Late
ORD005746,Rajasthan,delivered,14.0,Late
ORD005748,Pune,delivered,13.0,Late
ORD005751,Bihar,delivered,9.0,Late
ORD005753,Uttar Pradesh,delivered,6.0,On Time
ORD005756,Madhya Pradesh,delivered,6.0,On Time
ORD005758,Tamil Nadu,delivered,7.0,Late
ORD005759,Maharashtra,delivered,10.0,Late
ORD005761,Odisha,delivered,8.0,Late
ORD005762,Madhya Pradesh,delivered,11.0,Late
ORD005763,West Bengal,delivered,6.0,On Time
ORD005764,Gujarat,delivered,9.0,Late
ORD005765,Pune,delivered,8.0,On Time
ORD005766,Delhi,delivered,8.0,On Time
ORD005767,Madhya Pradesh,delivered,10.0,Late
ORD005768,Pune,delivered,6.0,Late
ORD005770,Telangana,delivered,8.0,Late
ORD005774,Karnataka,delivered,12.0,Late
ORD005775,Tamil Nadu,delivered,3.0,On Time
ORD005777,Telangana,delivered,7.0,Late
ORD005778,Maharashtra,delivered,11.0,Late
ORD005779,Bihar,delivered,9.0,On Time
ORD005782,Pune,delivered,7.0,On Time
ORD005783,Delhi,delivered,11.0,Late
ORD005784,Kerala,delivered,13.0,Late
ORD005785,Bihar,delivered,8.0,Late
ORD005788,Bihar,delivered,5.0,On Time
ORD005790,Kerala,delivered,8.0,Late
ORD005791,Madhya Pradesh,delivered,6.0,On Time
ORD005792,Madhya Pradesh,delivered,5.0,Late
ORD005793,Haryana,delivered,7.0,Late
ORD005795,Bihar,delivered,9.0,Late
ORD005797,Uttar Pradesh,delivered,3.0,On Time
ORD005798,Bihar,delivered,8.0,On Time
ORD005800,Bihar,delivered,7.0,Late
ORD005801,Odisha,delivered,5.0,On Time
ORD005802,West Bengal,delivered,13.0,Late
ORD005805,Pune,delivered,5.0,Late
ORD005809,Gujarat,delivered,12.0,Late
ORD005810,Haryana,delivered,10.0,Late
ORD005811,Uttar Pradesh,delivered,14.0,Late
ORD005812,Karnataka,delivered,14.0,Late
ORD005813,Haryana,delivered,4.0,On Time
ORD005815,Kerala,delivered,11.0,Late
ORD005818,Gujarat,delivered,4.0,On Time
ORD005819,Gujarat,delivered,14.0,Late
ORD005820,Maharashtra,delivered,7.0,Late
ORD005822,Pune,delivered,5.0,On Time
ORD005824,Bihar,delivered,6.0,On Time
ORD005825,Pune,delivered,8.0,On Time
ORD005828,Madhya Pradesh,delivered,8.0,On Time
ORD005830,Delhi,delivered,1.0,On Time
ORD005831,Rajasthan,delivered,1.0,On Time
ORD005832,Maharashtra,delivered,3.0,On Time
ORD005834,Uttar Pradesh,delivered,13.0,Late
ORD005835,West Bengal,delivered,15.0,Late
ORD005836,Karnataka,delivered,3.0,On Time
ORD005837,Gujarat,delivered,2.0,On Time
ORD005841,Bihar,delivered,8.0,On Time
ORD005842,Pune,delivered,5.0,Late
ORD005844,Kerala,delivered,13.0,Late
ORD005845,Tamil Nadu,delivered,5.0,On Time
ORD005847,Delhi,delivered,4.0,Late
ORD005853,West Bengal,delivered,8.0,Late
ORD005854,Uttar Pradesh,delivered,9.0,Late
ORD005855,Maharashtra,delivered,6.0,On Time
ORD005856,Bihar,delivered,6.0,Late
ORD005858,Odisha,delivered,10.0,Late
ORD005859,Pune,delivered,6.0,On Time
ORD005860,Tamil Nadu,delivered,6.0,Late
ORD005861,Kerala,delivered,15.0,Late
ORD005863,Delhi,delivered,13.0,Late
ORD005864,Tamil Nadu,delivered,7.0,Late
ORD005866,Delhi,delivered,10.0,Late
ORD005868,Rajasthan,delivered,13.0,Late
ORD005869,Bihar,delivered,6.0,On Time
ORD005870,Gujarat,delivered,5.0,On Time
ORD005871,Pune,delivered,10.0,Late
ORD005875,Rajasthan,delivered,9.0,Late
ORD005877,West Bengal,delivered,11.0,Late
ORD005878,Uttar Pradesh,delivered,8.0,Late
ORD005879,Maharashtra,delivered,5.0,On Time
ORD005880,Tamil Nadu,delivered,9.0,On Time
ORD005881,West Bengal,delivered,11.0,Late
ORD005882,Delhi,delivered,9.0,Late
ORD005884,Madhya Pradesh,delivered,8.0,On Time
ORD005886,Odisha,delivered,12.0,Late
ORD005887,Tamil Nadu,delivered,6.0,Late
ORD005888,Odisha,delivered,5.0,Late
ORD005889,Gujarat,delivered,1.0,On Time
ORD005890,Bihar,delivered,15.0,Late
ORD005893,Odisha,delivered,11.0,Late
ORD005895,Madhya Pradesh,delivered,11.0,Late
ORD005897,Gujarat,delivered,10.0,On Time
ORD005899,Bihar,delivered,13.0,Late
ORD005900,Odisha,delivered,6.0,On Time
ORD005903,Bihar,delivered,7.0,On Time
ORD005905,Rajasthan,delivered,1.0,On Time
ORD005906,Telangana,delivered,14.0,Late
ORD005907,Tamil Nadu,delivered,3.0,On Time
ORD005908,Gujarat,delivered,4.0,On Time
ORD005910,West Bengal,delivered,7.0,Late
ORD005911,Pune,delivered,5.0,On Time
ORD005912,Telangana,delivered,5.0,On Time
ORD005913,West Bengal,delivered,6.0,On Time
ORD005915,Haryana,delivered,7.0,On Time
ORD005916,Karnataka,delivered,8.0,On Time
ORD005917,Rajasthan,delivered,11.0,Late
ORD005918,Telangana,delivered,12.0,Late
ORD005920,Bihar,delivered,7.0,On Time
ORD005922,Gujarat,delivered,5.0,On Time
ORD005923,Gujarat,delivered,11.0,Late
ORD005926,Uttar Pradesh,delivered,12.0,Late
ORD005927,West Bengal,delivered,14.0,Late
ORD005930,Kerala,delivered,3.0,On Time
ORD005932,Kerala,delivered,5.0,On Time
ORD005933,West Bengal,delivered,13.0,Late
ORD005934,Tamil Nadu,delivered,2.0,On Time
ORD005935,Maharashtra,delivered,4.0,On Time
ORD005938,Kerala,delivered,6.0,On Time
ORD005939,Haryana,delivered,12.0,Late
ORD005940,Delhi,delivered,8.0,Late
ORD005942,Bihar,delivered,12.0,Late
ORD005943,West Bengal,delivered,5.0,On Time
ORD005944,Tamil Nadu,delivered,11.0,Late
ORD005949,Bihar,delivered,3.0,On Time
ORD005954,Telangana,delivered,5.0,On Time
ORD005955,Madhya Pradesh,delivered,5.0,On Time
ORD005958,West Bengal,delivered,12.0,Late
ORD005960,Telangana,delivered,7.0,On Time
ORD005961,Telangana,delivered,14.0,Late
ORD005962,Rajasthan,delivered,9.0,On Time
ORD005964,Uttar Pradesh,delivered,5.0,On Time
ORD005965,Pune,delivered,14.0,Late
ORD005966,Karnataka,delivered,11.0,Late
ORD005968,Karnataka,delivered,8.0,Late
ORD005969,Pune,delivered,8.0,Late
ORD005970,Bihar,delivered,8.0,On Time
ORD005971,Karnataka,delivered,7.0,Late
ORD005975,West Bengal,delivered,12.0,Late
ORD005977,Odisha,delivered,7.0,On Time
ORD005979,Haryana,delivered,7.0,On Time
ORD005980,Karnataka,delivered,11.0,Late
ORD005983,Telangana,delivered,11.0,Late
ORD005985,Bihar,delivered,6.0,Late
ORD005986,Bihar,delivered,7.0,On Time
ORD005987,Bihar,delivered,10.0,Late
ORD005988,West Bengal,delivered,14.0,Late
ORD005989,Rajasthan,delivered,5.0,Late
ORD005991,Uttar Pradesh,delivered,14.0,Late
ORD005992,Pune,delivered,10.0,Late
ORD005994,Maharashtra,delivered,13.0,Late
ORD005997,Rajasthan,delivered,6.0,On Time
ORD005998,Kerala,delivered,2.0,On Time
ORD006000,Pune,delivered,5.0,On Time
ORD006006,Karnataka,delivered,4.0,On Time
ORD006007,Maharashtra,delivered,11.0,Late
ORD006009,Uttar Pradesh,delivered,8.0,On Time
ORD006011,Tamil Nadu,delivered,5.0,Late
ORD006014,Uttar Pradesh,delivered,7.0,On Time
ORD006015,Bihar,delivered,13.0,Late
ORD006016,Madhya Pradesh,delivered,14.0,Late
ORD006020,Kerala,delivered,5.0,On Time
ORD006022,Tamil Nadu,delivered,11.0,Late
ORD006023,Uttar Pradesh,delivered,8.0,On Time
ORD006024,Karnataka,delivered,10.0,Late
ORD006025,Madhya Pradesh,delivered,8.0,Late
ORD006026,Bihar,delivered,7.0,On Time
ORD006027,Madhya Pradesh,delivered,8.0,Late
ORD006028,Bihar,delivered,2.0,On Time
ORD006030,Kerala,delivered,9.0,Late
ORD006031,Delhi,delivered,5.0,On Time
ORD006036,Pune,delivered,11.0,Late
ORD006037,Rajasthan,delivered,3.0,On Time
ORD006038,Pune,delivered,6.0,Late
ORD006043,Pune,delivered,12.0,Late
ORD006045,Bihar,delivered,6.0,On Time
ORD006046,Delhi,delivered,8.0,Late
ORD006047,Telangana,delivered,5.0,On Time
ORD006048,Uttar Pradesh,delivered,7.0,Late
ORD006049,Uttar Pradesh,delivered,7.0,On Time
ORD006050,Tamil Nadu,delivered,11.0,Late
ORD006051,Kerala,delivered,6.0,Late
ORD006052,Madhya Pradesh,delivered,13.0,Late
ORD006054,West Bengal,delivered,11.0,Late
ORD006057,Maharashtra,delivered,10.0,Late
ORD006058,Maharashtra,delivered,10.0,Late
ORD006059,West Bengal,delivered,6.0,Late
ORD006062,Madhya Pradesh,delivered,10.0,On Time
ORD006063,Karnataka,delivered,9.0,On Time
ORD006065,Gujarat,delivered,9.0,Late
ORD006074,Uttar Pradesh,delivered,12.0,Late
ORD006077,West Bengal,delivered,10.0,Late
ORD006078,Pune,delivered,14.0,Late
ORD006082,Maharashtra,delivered,4.0,On Time
ORD006084,West Bengal,delivered,13.0,Late
ORD006085,Tamil Nadu,delivered,12.0,Late
ORD006086,Kerala,delivered,6.0,On Time
ORD006087,Gujarat,delivered,4.0,On Time
ORD006089,Maharashtra,delivered,2.0,On Time
ORD006090,Gujarat,delivered,7.0,On Time
ORD006093,Haryana,delivered,10.0,Late
ORD006098,Delhi,delivered,8.0,Late
ORD006099,Odisha,delivered,2.0,On Time
ORD006102,Rajasthan,delivered,6.0,On Time
ORD006104,Pune,delivered,9.0,Late
ORD006105,Madhya Pradesh,delivered,12.0,Late
ORD006108,Pune,delivered,10.0,Late
ORD006111,Karnataka,delivered,5.0,Late
ORD006112,Telangana,delivered,6.0,On Time
ORD006114,Pune,delivered,3.0,On Time
ORD006115,Delhi,delivered,2.0,On Time
ORD006116,West Bengal,delivered,3.0,On Time
ORD006119,Haryana,delivered,11.0,Late
ORD006120,Pune,delivered,10.0,Late
ORD006121,Telangana,delivered,5.0,On Time
ORD006122,West Bengal,delivered,13.0,Late
ORD006124,Rajasthan,delivered,4.0,On Time
ORD006125,Tamil Nadu,delivered,6.0,On Time
ORD006126,Telangana,delivered,8.0,Late
ORD006127,Rajasthan,delivered,7.0,Late
ORD006128,Pune,delivered,5.0,On Time
ORD006131,Rajasthan,delivered,10.0,Late
ORD006137,Rajasthan,delivered,9.0,On Time
ORD006144,Telangana,delivered,4.0,On Time
ORD006146,Odisha,delivered,6.0,Late
ORD006147,Kerala,delivered,4.0,On Time
ORD006148,Telangana,delivered,6.0,Late
ORD006150,Delhi,delivered,15.0,Late
ORD006151,Karnataka,delivered,8.0,Late
ORD006152,Telangana,delivered,10.0,On Time
ORD006153,Odisha,delivered,9.0,On Time
ORD006154,Rajasthan,delivered,6.0,Late
ORD006155,West Bengal,delivered,13.0,Late
ORD006156,Bihar,delivered,8.0,Late
ORD006159,Madhya Pradesh,delivered,11.0,Late
ORD006165,Maharashtra,delivered,7.0,On Time
ORD006168,Karnataka,delivered,5.0,On Time
ORD006169,Odisha,delivered,9.0,On Time
ORD006174,Karnataka,delivered,9.0,Late
ORD006175,Tamil Nadu,delivered,6.0,On Time
ORD006177,Bihar,delivered,10.0,Late
ORD006178,Odisha,delivered,6.0,On Time
ORD006179,Delhi,delivered,9.0,Late
ORD006182,West Bengal,delivered,9.0,On Time
ORD006184,Rajasthan,delivered,10.0,Late
ORD006185,Kerala,delivered,7.0,On Time
ORD006188,Rajasthan,delivered,8.0,Late
ORD006191,Gujarat,delivered,6.0,On Time
ORD006193,Maharashtra,delivered,7.0,On Time
ORD006194,Tamil Nadu,delivered,8.0,On Time
ORD006195,Uttar Pradesh,delivered,6.0,Late
ORD006202,Telangana,delivered,12.0,Late
ORD006203,Odisha,delivered,7.0,Late
ORD006205,Uttar Pradesh,delivered,15.0,Late
ORD006207,Uttar Pradesh,delivered,7.0,Late
ORD006208,Pune,delivered,8.0,On Time
ORD006209,Haryana,delivered,7.0,Late
ORD006211,Madhya Pradesh,delivered,9.0,On Time
ORD006215,Rajasthan,delivered,8.0,On Time
ORD006217,Tamil Nadu,delivered,7.0,On Time
ORD006220,Rajasthan,delivered,10.0,Late
ORD006224,Bihar,delivered,5.0,On Time
ORD006227,Gujarat,delivered,14.0,Late
ORD006229,Karnataka,delivered,2.0,On Time
ORD006232,Karnataka,delivered,13.0,Late
ORD006233,Karnataka,delivered,10.0,Late
ORD006235,Gujarat,delivered,7.0,Late
ORD006241,Tamil Nadu,delivered,7.0,Late
ORD006245,Odisha,delivered,8.0,Late
ORD006248,West Bengal,delivered,5.0,On Time
ORD006251,Maharashtra,delivered,10.0,On Time
ORD006253,Telangana,delivered,5.0,Late
ORD006255,West Bengal,delivered,12.0,Late
ORD006256,Karnataka,delivered,3.0,On Time
ORD006259,Gujarat,delivered,9.0,Late
ORD006260,Haryana,delivered,12.0,Late
ORD006263,Karnataka,delivered,5.0,On Time
ORD006264,Uttar Pradesh,delivered,12.0,Late
ORD006267,Maharashtra,delivered,7.0,Late
ORD006268,Bihar,delivered,11.0,Late
ORD006269,Tamil Nadu,delivered,8.0,On Time
ORD006271,Pune,delivered,5.0,Late
ORD006272,Tamil Nadu,delivered,8.0,Late
ORD006273,Telangana,delivered,11.0,Late
ORD006274,Telangana,delivered,8.0,Late
ORD006278,Kerala,delivered,8.0,On Time
ORD006280,Madhya Pradesh,delivered,3.0,On Time
ORD006283,Odisha,delivered,8.0,On Time
ORD006284,Rajasthan,delivered,8.0,On Time
ORD006285,Maharashtra,delivered,8.0,Late
ORD006288,Haryana,delivered,9.0,Late
ORD006289,West Bengal,delivered,11.0,Late
ORD006290,Haryana,delivered,8.0,Late
ORD006291,Gujarat,delivered,6.0,On Time
ORD006292,Haryana,delivered,4.0,Late
ORD006294,Uttar Pradesh,delivered,13.0,Late
ORD006296,Karnataka,delivered,5.0,On Time
ORD006298,Maharashtra,delivered,7.0,On Time
ORD006300,Rajasthan,delivered,7.0,Late
ORD006302,Gujarat,delivered,14.0,Late
ORD006305,Pune,delivered,8.0,On Time
ORD006309,Odisha,delivered,6.0,Late
ORD006310,Bihar,delivered,6.0,On Time
ORD006311,Delhi,delivered,12.0,Late
ORD006312,Bihar,delivered,6.0,Late
ORD006313,Karnataka,delivered,8.0,Late
ORD006314,West Bengal,delivered,10.0,Late
ORD006315,Bihar,delivered,14.0,Late
ORD006317,Maharashtra,delivered,9.0,On Time
ORD006318,Karnataka,delivered,12.0,Late
ORD006319,Uttar Pradesh,delivered,8.0,Late
ORD006321,Kerala,delivered,4.0,On Time
ORD006330,Madhya Pradesh,delivered,14.0,Late
ORD006332,West Bengal,delivered,7.0,Late
ORD006333,West Bengal,delivered,5.0,On Time
ORD006334,Madhya Pradesh,delivered,2.0,On Time
ORD006335,Odisha,delivered,13.0,Late
ORD006337,Odisha,delivered,5.0,On Time
ORD006339,Gujarat,delivered,10.0,On Time
ORD006342,West Bengal,delivered,7.0,On Time
ORD006343,Odisha,delivered,11.0,Late
ORD006345,Maharashtra,delivered,9.0,On Time
ORD006347,Kerala,delivered,7.0,Late
ORD006348,Madhya Pradesh,delivered,2.0,On Time
ORD006351,Tamil Nadu,delivered,8.0,Late
ORD006353,Madhya Pradesh,delivered,8.0,Late
ORD006354,Rajasthan,delivered,5.0,Late
ORD006357,Uttar Pradesh,delivered,5.0,On Time
ORD006358,Gujarat,delivered,9.0,Late
ORD006359,Delhi,delivered,13.0,Late
ORD006362,Delhi,delivered,2.0,On Time
ORD006364,Kerala,delivered,11.0,Late
ORD006370,Odisha,delivered,6.0,On Time
ORD006371,Maharashtra,delivered,3.0,On Time
ORD006372,Karnataka,delivered,10.0,Late
ORD006373,Bihar,delivered,7.0,Late
ORD006374,Odisha,delivered,14.0,Late
ORD006375,Maharashtra,delivered,7.0,Late
ORD006377,Odisha,delivered,8.0,Late
ORD006378,Gujarat,delivered,12.0,Late
ORD006379,Odisha,delivered,5.0,Late
ORD006380,Rajasthan,delivered,11.0,Late
ORD006384,Uttar Pradesh,delivered,8.0,Late
ORD006385,Pune,delivered,13.0,Late
ORD006386,Bihar,delivered,10.0,Late
ORD006387,Pune,delivered,12.0,Late
ORD006388,Haryana,delivered,9.0,Late
ORD006391,Tamil Nadu,delivered,8.0,Late
ORD006392,Bihar,delivered,10.0,Late
ORD006393,Haryana,delivered,8.0,On Time
ORD006394,Pune,delivered,4.0,On Time
ORD006395,West Bengal,delivered,12.0,Late
ORD006396,Odisha,delivered,7.0,On Time
ORD006397,Haryana,delivered,8.0,On Time
ORD006398,Haryana,delivered,5.0,On Time
ORD006401,Maharashtra,delivered,6.0,Late
ORD006402,Rajasthan,delivered,8.0,Late
ORD006403,Rajasthan,delivered,8.0,Late
ORD006404,Gujarat,delivered,2.0,On Time
ORD006405,Telangana,delivered,1.0,On Time
ORD006406,Telangana,delivered,2.0,On Time
ORD006408,Tamil Nadu,delivered,4.0,On Time
ORD006410,Bihar,delivered,11.0,Late
ORD006413,Madhya Pradesh,delivered,13.0,Late
ORD006414,Uttar Pradesh,delivered,4.0,On Time
ORD006418,Madhya Pradesh,delivered,7.0,Late
ORD006420,Odisha,delivered,7.0,On Time
ORD006422,Delhi,delivered,6.0,On Time
ORD006423,Haryana,delivered,8.0,On Time
ORD006424,Telangana,delivered,8.0,Late
ORD006425,Uttar Pradesh,delivered,7.0,Late
ORD006426,Madhya Pradesh,delivered,12.0,Late
ORD006428,Uttar Pradesh,delivered,8.0,Late
ORD006429,Tamil Nadu,delivered,12.0,Late
ORD006431,Odisha,delivered,12.0,Late
ORD006433,Rajasthan,delivered,9.0,Late
ORD006436,Uttar Pradesh,delivered,7.0,On Time
ORD006438,Pune,delivered,8.0,Late
ORD006439,Rajasthan,delivered,10.0,On Time
ORD006441,Gujarat,delivered,8.0,On Time
ORD006442,Delhi,delivered,11.0,Late
ORD006443,Uttar Pradesh,delivered,11.0,Late
ORD006447,Karnataka,delivered,10.0,Late
ORD006450,Uttar Pradesh,delivered,3.0,On Time
ORD006453,Haryana,delivered,11.0,Late
ORD006454,Rajasthan,delivered,9.0,Late
ORD006457,Haryana,delivered,3.0,On Time
ORD006458,Karnataka,delivered,7.0,Late
ORD006459,Maharashtra,delivered,4.0,On Time
ORD006460,Karnataka,delivered,7.0,On Time
ORD006462,Kerala,delivered,13.0,Late
ORD006463,Uttar Pradesh,delivered,4.0,Late
ORD006464,Gujarat,delivered,2.0,On Time
ORD006467,Odisha,delivered,5.0,Late
ORD006468,Delhi,delivered,9.0,Late
ORD006469,Karnataka,delivered,8.0,Late
ORD006470,Karnataka,delivered,9.0,Late
ORD006472,Telangana,delivered,8.0,Late
ORD006473,Uttar Pradesh,delivered,9.0,On Time
ORD006474,Telangana,delivered,9.0,Late
ORD006475,Delhi,delivered,8.0,On Time
ORD006476,Rajasthan,delivered,9.0,Late
ORD006481,Uttar Pradesh,delivered,2.0,On Time
ORD006482,Karnataka,delivered,13.0,Late
ORD006486,Karnataka,delivered,3.0,On Time
ORD006487,West Bengal,delivered,10.0,Late
ORD006490,Odisha,delivered,11.0,Late
ORD006491,Bihar,delivered,14.0,Late
ORD006493,Maharashtra,delivered,3.0,On Time
ORD006494,Madhya Pradesh,delivered,8.0,Late
ORD006495,Karnataka,delivered,12.0,Late
ORD006496,Maharashtra,delivered,13.0,Late
ORD006497,Uttar Pradesh,delivered,10.0,Late
ORD006498,Madhya Pradesh,delivered,15.0,Late
ORD006499,Uttar Pradesh,delivered,6.0,Late
ORD006501,Odisha,delivered,12.0,Late
ORD006502,West Bengal,delivered,9.0,On Time
ORD006504,Kerala,delivered,13.0,Late
ORD006505,Odisha,delivered,5.0,Late
ORD006507,Pune,delivered,12.0,Late
ORD006508,Rajasthan,delivered,1.0,On Time
ORD006509,Karnataka,delivered,2.0,On Time
ORD006510,Telangana,delivered,2.0,On Time
ORD006511,Karnataka,delivered,13.0,Late
ORD006512,Maharashtra,delivered,3.0,On Time
ORD006513,Maharashtra,delivered,9.0,Late
ORD006515,Rajasthan,delivered,9.0,Late
ORD006516,Delhi,delivered,12.0,Late
ORD006517,Pune,delivered,5.0,On Time
ORD006519,Maharashtra,delivered,12.0,Late
ORD006524,Odisha,delivered,14.0,Late
ORD006525,Karnataka,delivered,4.0,Late
ORD006531,Karnataka,delivered,10.0,Late
ORD006532,Telangana,delivered,9.0,Late
ORD006534,Karnataka,delivered,10.0,Late
ORD006535,Haryana,delivered,6.0,On Time
ORD006536,Haryana,delivered,7.0,On Time
ORD006537,Maharashtra,delivered,7.0,Late
ORD006538,Madhya Pradesh,delivered,7.0,Late
ORD006542,Karnataka,delivered,15.0,Late
ORD006543,Odisha,delivered,7.0,Late
ORD006544,Maharashtra,delivered,8.0,Late
ORD006545,Maharashtra,delivered,10.0,Late
ORD006546,Haryana,delivered,4.0,On Time
ORD006547,Uttar Pradesh,delivered,11.0,Late
ORD006550,Odisha,delivered,8.0,On Time
ORD006552,Delhi,delivered,8.0,On Time
ORD006554,Rajasthan,delivered,7.0,On Time
ORD006555,Gujarat,delivered,5.0,On Time
ORD006556,Rajasthan,delivered,9.0,Late
ORD006557,Karnataka,delivered,13.0,Late
ORD006558,Kerala,delivered,5.0,Late
ORD006559,Karnataka,delivered,10.0,Late
ORD006561,Bihar,delivered,10.0,Late
ORD006562,Gujarat,delivered,8.0,On Time
ORD006565,Uttar Pradesh,delivered,6.0,Late
ORD006567,Maharashtra,delivered,8.0,Late
ORD006569,West Bengal,delivered,8.0,Late
ORD006570,Gujarat,delivered,5.0,Late
ORD006573,Pune,delivered,8.0,Late
ORD006575,Tamil Nadu,delivered,2.0,On Time
ORD006576,Maharashtra,delivered,8.0,Late
ORD006577,Pune,delivered,8.0,Late
ORD006579,Delhi,delivered,6.0,Late
ORD006580,West Bengal,delivered,10.0,On Time
ORD006581,Odisha,delivered,9.0,Late
ORD006582,Telangana,delivered,9.0,Late
ORD006583,Haryana,delivered,7.0,On Time
ORD006584,Gujarat,delivered,12.0,Late
ORD006586,Odisha,delivered,9.0,Late
ORD006588,Telangana,delivered,3.0,On Time
ORD006589,Karnataka,delivered,6.0,Late
ORD006591,Telangana,delivered,6.0,On Time
ORD006592,Uttar Pradesh,delivered,10.0,Late
ORD006595,Pune,delivered,10.0,On Time
ORD006596,Pune,delivered,11.0,Late
ORD006597,Madhya Pradesh,delivered,9.0,On Time
ORD006598,Telangana,delivered,8.0,On Time
ORD006603,Odisha,delivered,11.0,Late
ORD006604,Gujarat,delivered,14.0,Late
ORD006606,Karnataka,delivered,5.0,Late
ORD006610,Kerala,delivered,6.0,On Time
ORD006611,Rajasthan,delivered,8.0,Late
ORD006612,Haryana,delivered,10.0,Late
ORD006613,Odisha,delivered,11.0,Late
ORD006616,Madhya Pradesh,delivered,7.0,Late
ORD006618,Gujarat,delivered,9.0,Late
ORD006619,Bihar,delivered,7.0,Late
ORD006622,Maharashtra,delivered,8.0,Late
ORD006623,Bihar,delivered,4.0,On Time
ORD006624,Delhi,delivered,6.0,On Time
ORD006625,Haryana,delivered,14.0,Late
ORD006627,Tamil Nadu,delivered,9.0,Late
ORD006628,West Bengal,delivered,6.0,Late
ORD006630,Haryana,delivered,10.0,Late
ORD006631,Karnataka,delivered,7.0,Late
ORD006632,Pune,delivered,8.0,Late
ORD006635,Karnataka,delivered,2.0,On Time
ORD006637,Kerala,delivered,12.0,Late
ORD006639,Haryana,delivered,10.0,Late
ORD006642,Karnataka,delivered,4.0,On Time
ORD006644,Delhi,delivered,8.0,Late
ORD006648,Rajasthan,delivered,8.0,Late
ORD006650,Rajasthan,delivered,9.0,Late
ORD006652,Madhya Pradesh,delivered,12.0,Late
ORD006654,Rajasthan,delivered,6.0,On Time
ORD006655,Telangana,delivered,11.0,Late
ORD006658,Uttar Pradesh,delivered,8.0,On Time
ORD006660,Bihar,delivered,6.0,On Time
ORD006662,Odisha,delivered,12.0,Late
ORD006663,Telangana,delivered,7.0,Late
ORD006664,Tamil Nadu,delivered,5.0,Late
ORD006666,Pune,delivered,6.0,On Time
ORD006667,Telangana,delivered,6.0,On Time
ORD006668,Tamil Nadu,delivered,12.0,Late
ORD006670,Uttar Pradesh,delivered,7.0,Late
ORD006672,Tamil Nadu,delivered,9.0,On Time
ORD006673,Karnataka,delivered,9.0,On Time
ORD006674,Madhya Pradesh,delivered,7.0,On Time
ORD006675,Uttar Pradesh,delivered,8.0,Late
ORD006676,Tamil Nadu,delivered,10.0,Late
ORD006678,Odisha,delivered,9.0,Late
ORD006682,Odisha,delivered,2.0,On Time
ORD006686,Madhya Pradesh,delivered,10.0,Late
ORD006688,Odisha,delivered,15.0,Late
ORD006689,Uttar Pradesh,delivered,8.0,Late
ORD006690,Pune,delivered,2.0,On Time
ORD006691,Haryana,delivered,8.0,On Time
ORD006692,Pune,delivered,12.0,Late
ORD006693,Tamil Nadu,delivered,6.0,Late
ORD006694,Telangana,delivered,10.0,On Time
ORD006697,Gujarat,delivered,7.0,Late
ORD006698,Rajasthan,delivered,5.0,On Time
ORD006701,Madhya Pradesh,delivered,9.0,On Time
ORD006705,Maharashtra,delivered,11.0,Late
ORD006707,Haryana,delivered,5.0,On Time
ORD006711,Haryana,delivered,9.0,On Time
ORD006714,Pune,delivered,4.0,On Time
ORD006719,Tamil Nadu,delivered,13.0,Late
ORD006720,Telangana,delivered,12.0,Late
ORD006722,Kerala,delivered,2.0,On Time
ORD006723,West Bengal,delivered,3.0,On Time
ORD006724,Maharashtra,delivered,8.0,On Time
ORD006726,Rajasthan,delivered,8.0,On Time
ORD006731,Bihar,delivered,14.0,Late
ORD006732,Karnataka,delivered,3.0,On Time
ORD006734,Telangana,delivered,8.0,On Time
ORD006740,Uttar Pradesh,delivered,7.0,Late
ORD006741,Haryana,delivered,10.0,On Time
ORD006743,West Bengal,delivered,10.0,Late
ORD006746,Odisha,delivered,8.0,Late
ORD006748,Bihar,delivered,11.0,Late
ORD006749,Haryana,delivered,13.0,Late
ORD006750,Odisha,delivered,8.0,Late
ORD006752,Delhi,delivered,3.0,On Time
ORD006753,Rajasthan,delivered,9.0,On Time
ORD006754,Kerala,delivered,9.0,Late
ORD006756,Odisha,delivered,3.0,On Time
ORD006757,Odisha,delivered,10.0,Late
ORD006758,Gujarat,delivered,2.0,On Time
ORD006760,Karnataka,delivered,10.0,Late
ORD006761,Kerala,delivered,9.0,On Time
ORD006762,Haryana,delivered,8.0,On Time
ORD006763,Haryana,delivered,5.0,On Time
ORD006766,Rajasthan,delivered,10.0,On Time
ORD006768,Kerala,delivered,9.0,Late
ORD006769,Tamil Nadu,delivered,12.0,Late
ORD006770,Kerala,delivered,9.0,On Time
ORD006771,Madhya Pradesh,delivered,4.0,Late
ORD006772,Bihar,delivered,5.0,Late
ORD006773,Telangana,delivered,8.0,On Time
ORD006774,West Bengal,delivered,5.0,Late
ORD006778,Bihar,delivered,8.0,On Time
ORD006779,Gujarat,delivered,8.0,On Time
ORD006783,Kerala,delivered,4.0,Late
ORD006784,Pune,delivered,10.0,Late
ORD006786,Karnataka,delivered,13.0,Late
ORD006787,Bihar,delivered,12.0,Late
ORD006788,Madhya Pradesh,delivered,4.0,On Time
ORD006791,Bihar,delivered,1.0,On Time
ORD006792,Uttar Pradesh,delivered,8.0,Late
ORD006795,Maharashtra,delivered,9.0,Late
ORD006800,Uttar Pradesh,delivered,15.0,Late
ORD006801,Tamil Nadu,delivered,8.0,Late
ORD006803,Pune,delivered,10.0,Late
ORD006805,Maharashtra,delivered,8.0,Late
ORD006809,Bihar,delivered,5.0,Late
ORD006810,Gujarat,delivered,5.0,On Time
ORD006811,Rajasthan,delivered,5.0,Late
ORD006813,Delhi,delivered,12.0,Late
ORD006815,Maharashtra,delivered,11.0,Late
ORD006817,Bihar,delivered,6.0,On Time
ORD006820,Karnataka,delivered,13.0,Late
ORD006822,Gujarat,delivered,8.0,Late
ORD006823,Gujarat,delivered,4.0,On Time
ORD006824,Uttar Pradesh,delivered,8.0,On Time
ORD006825,Pune,delivered,9.0,On Time
ORD006827,Delhi,delivered,2.0,On Time
ORD006828,Odisha,delivered,3.0,On Time
ORD006829,Kerala,delivered,3.0,On Time
ORD006831,Tamil Nadu,delivered,10.0,Late
ORD006833,Odisha,delivered,10.0,Late
ORD006837,Kerala,delivered,4.0,On Time
ORD006843,Maharashtra,delivered,12.0,Late
ORD006846,Haryana,delivered,10.0,Late
ORD006847,Bihar,delivered,7.0,Late
ORD006850,Telangana,delivered,5.0,On Time
ORD006852,West Bengal,delivered,10.0,Late
ORD006853,Gujarat,delivered,14.0,Late
ORD006855,Telangana,delivered,2.0,On Time
ORD006856,Odisha,delivered,8.0,On Time
ORD006858,Maharashtra,delivered,8.0,On Time
ORD006859,Haryana,delivered,9.0,On Time
ORD006861,Telangana,delivered,11.0,Late
ORD006862,Odisha,delivered,7.0,Late
ORD006864,Madhya Pradesh,delivered,10.0,Late
ORD006866,Haryana,delivered,12.0,Late
ORD006867,Rajasthan,delivered,8.0,On Time
ORD006868,Tamil Nadu,delivered,15.0,Late
ORD006869,Telangana,delivered,14.0,Late
ORD006871,Odisha,delivered,8.0,Late
ORD006874,Haryana,delivered,15.0,Late
ORD006880,West Bengal,delivered,12.0,Late
ORD006881,Haryana,delivered,9.0,Late
ORD006884,Delhi,delivered,1.0,On Time
ORD006885,Karnataka,delivered,14.0,Late
ORD006886,Haryana,delivered,6.0,On Time
ORD006887,Tamil Nadu,delivered,9.0,On Time
ORD006888,Odisha,delivered,8.0,Late
ORD006889,Delhi,delivered,10.0,Late
ORD006890,Karnataka,delivered,6.0,Late
ORD006891,Bihar,delivered,9.0,Late
ORD006894,Bihar,delivered,5.0,Late
ORD006895,Haryana,delivered,3.0,On Time
ORD006898,Delhi,delivered,7.0,Late
ORD006902,Pune,delivered,12.0,Late
ORD006904,Uttar Pradesh,delivered,7.0,Late
ORD006905,Bihar,delivered,6.0,On Time
ORD006906,Maharashtra,delivered,3.0,On Time
ORD006907,West Bengal,delivered,9.0,Late
ORD006908,Maharashtra,delivered,7.0,On Time
ORD006909,Uttar Pradesh,delivered,7.0,On Time
ORD006911,Delhi,delivered,3.0,On Time
ORD006912,Pune,delivered,6.0,Late
ORD006914,Odisha,delivered,15.0,Late
ORD006916,Tamil Nadu,delivered,12.0,Late
ORD006919,Madhya Pradesh,delivered,9.0,Late
ORD006920,Bihar,delivered,9.0,Late
ORD006921,Bihar,delivered,9.0,On Time
ORD006924,Maharashtra,delivered,14.0,Late
ORD006927,Karnataka,delivered,2.0,On Time
ORD006928,West Bengal,delivered,10.0,Late
ORD006929,Uttar Pradesh,delivered,8.0,On Time
ORD006930,West Bengal,delivered,1.0,On Time
ORD006934,Kerala,delivered,2.0,On Time
ORD006936,Pune,delivered,12.0,Late
ORD006939,West Bengal,delivered,6.0,Late
ORD006941,Maharashtra,delivered,4.0,On Time
ORD006942,Delhi,delivered,9.0,Late
ORD006945,Gujarat,delivered,6.0,On Time
ORD006952,Haryana,delivered,9.0,Late
ORD006960,Karnataka,delivered,8.0,Late
ORD006961,Odisha,delivered,14.0,Late
ORD006962,Rajasthan,delivered,8.0,Late
ORD006963,Karnataka,delivered,11.0,Late
ORD006964,Maharashtra,delivered,8.0,On Time
ORD006965,Bihar,delivered,6.0,Late
ORD006966,Bihar,delivered,8.0,On Time
ORD006969,Bihar,delivered,9.0,Late
ORD006970,Kerala,delivered,10.0,Late
ORD006972,Rajasthan,delivered,4.0,On Time
ORD006973,Pune,delivered,10.0,On Time
ORD006975,Haryana,delivered,4.0,On Time
ORD006977,Karnataka,delivered,6.0,On Time
ORD006978,Uttar Pradesh,delivered,5.0,Late
ORD006981,Tamil Nadu,delivered,7.0,Late
ORD006984,Karnataka,delivered,10.0,On Time
ORD006985,Bihar,delivered,6.0,On Time
ORD006987,Telangana,delivered,12.0,Late
ORD006990,Haryana,delivered,5.0,On Time
ORD006993,Kerala,delivered,8.0,On Time
ORD006994,Tamil Nadu,delivered,4.0,On Time
ORD006995,Odisha,delivered,2.0,On Time
ORD006996,Telangana,delivered,11.0,Late
ORD006997,West Bengal,delivered,4.0,On Time
ORD006998,West Bengal,delivered,11.0,Late
ORD007000,Madhya Pradesh,delivered,4.0,On Time
ORD007001,Madhya Pradesh,delivered,11.0,Late
ORD007003,Pune,delivered,8.0,On Time
ORD007004,Madhya Pradesh,delivered,3.0,On Time
ORD007007,Maharashtra,delivered,8.0,On Time
ORD007008,Maharashtra,delivered,3.0,On Time
ORD007011,Gujarat,delivered,7.0,Late
ORD007012,Madhya Pradesh,delivered,8.0,On Time
ORD007013,Uttar Pradesh,delivered,7.0,Late
ORD007016,Tamil Nadu,delivered,10.0,Late
ORD007019,Gujarat,delivered,8.0,On Time
ORD007021,Karnataka,delivered,8.0,Late
ORD007023,Tamil Nadu,delivered,3.0,On Time
ORD007025,Pune,delivered,9.0,Late
ORD007026,Uttar Pradesh,delivered,8.0,Late
ORD007029,Uttar Pradesh,delivered,12.0,Late
ORD007030,Madhya Pradesh,delivered,14.0,Late
ORD007031,Odisha,delivered,12.0,Late
ORD007032,Haryana,delivered,9.0,Late
ORD007033,Pune,delivered,9.0,On Time
ORD007034,Haryana,delivered,2.0,On Time
ORD007037,Gujarat,delivered,15.0,Late
ORD007039,Delhi,delivered,7.0,On Time
ORD007042,Rajasthan,delivered,14.0,Late
ORD007043,Tamil Nadu,delivered,9.0,On Time
ORD007048,Uttar Pradesh,delivered,9.0,On Time
ORD007049,Kerala,delivered,3.0,On Time
ORD007052,Bihar,delivered,3.0,On Time
ORD007055,Rajasthan,delivered,2.0,On Time
ORD007056,Odisha,delivered,8.0,Late
ORD007057,Gujarat,delivered,6.0,On Time
ORD007058,Maharashtra,delivered,12.0,Late
ORD007059,Delhi,delivered,8.0,Late
ORD007062,Bihar,delivered,11.0,Late
ORD007063,West Bengal,delivered,10.0,Late
ORD007064,Madhya Pradesh,delivered,10.0,Late
ORD007065,Gujarat,delivered,7.0,Late
ORD007067,Rajasthan,delivered,12.0,Late
ORD007068,Haryana,delivered,5.0,On Time
ORD007069,Haryana,delivered,7.0,Late
ORD007073,Uttar Pradesh,delivered,11.0,Late
ORD007076,Haryana,delivered,14.0,Late
ORD007077,Odisha,delivered,7.0,Late
ORD007078,Gujarat,delivered,8.0,Late
ORD007080,Karnataka,delivered,8.0,On Time
ORD007085,Odisha,delivered,3.0,On Time
ORD007089,Telangana,delivered,11.0,Late
ORD007093,Karnataka,delivered,11.0,Late
ORD007094,Telangana,delivered,7.0,Late
ORD007098,Bihar,delivered,7.0,Late
ORD007100,Uttar Pradesh,delivered,8.0,Late
ORD007101,Delhi,delivered,8.0,Late
ORD007103,Bihar,delivered,10.0,On Time
ORD007107,Kerala,delivered,14.0,Late
ORD007109,Telangana,delivered,10.0,Late
ORD007112,Karnataka,delivered,11.0,Late
ORD007113,Karnataka,delivered,5.0,On Time
ORD007115,Karnataka,delivered,4.0,On Time
ORD007116,Delhi,delivered,13.0,Late
ORD007117,Tamil Nadu,delivered,2.0,On Time
ORD007118,Gujarat,delivered,7.0,On Time
ORD007120,Maharashtra,delivered,1.0,On Time
ORD007121,Uttar Pradesh,delivered,11.0,Late
ORD007123,Bihar,delivered,11.0,Late
ORD007127,Rajasthan,delivered,2.0,On Time
ORD007129,Bihar,delivered,7.0,On Time
ORD007130,Bihar,delivered,9.0,Late
ORD007131,Haryana,delivered,7.0,Late
ORD007133,Delhi,delivered,11.0,Late
ORD007134,Bihar,delivered,4.0,On Time
ORD007138,Tamil Nadu,delivered,3.0,On Time
ORD007140,Kerala,delivered,4.0,On Time
ORD007141,Telangana,delivered,7.0,Late
ORD007143,Haryana,delivered,9.0,Late
ORD007147,Telangana,delivered,7.0,Late
ORD007149,Rajasthan,delivered,8.0,On Time
ORD007154,Uttar Pradesh,delivered,3.0,On Time
ORD007161,Rajasthan,delivered,4.0,Late
ORD007166,Haryana,delivered,12.0,Late
ORD007167,Delhi,delivered,4.0,Late
ORD007169,Bihar,delivered,10.0,Late
ORD007174,Maharashtra,delivered,8.0,Late
ORD007176,West Bengal,delivered,4.0,Late
ORD007179,Kerala,delivered,7.0,Late
ORD007180,Telangana,delivered,5.0,Late
ORD007181,Karnataka,delivered,7.0,Late
ORD007185,Telangana,delivered,5.0,Late
ORD007186,Tamil Nadu,delivered,10.0,Late
ORD007187,Uttar Pradesh,delivered,6.0,On Time
ORD007188,Odisha,delivered,12.0,Late
ORD007189,Odisha,delivered,4.0,On Time
ORD007190,Tamil Nadu,delivered,3.0,On Time
ORD007191,Karnataka,delivered,6.0,Late
ORD007192,Kerala,delivered,6.0,On Time
ORD007193,Tamil Nadu,delivered,8.0,Late
ORD007194,Uttar Pradesh,delivered,3.0,On Time
ORD007197,Karnataka,delivered,14.0,Late
ORD007198,Odisha,delivered,3.0,On Time
ORD007199,Uttar Pradesh,delivered,4.0,Late
ORD007200,Telangana,delivered,7.0,Late
ORD007201,Gujarat,delivered,15.0,Late
ORD007205,Karnataka,delivered,7.0,On Time
ORD007206,Madhya Pradesh,delivered,7.0,Late
ORD007207,Madhya Pradesh,delivered,13.0,Late
ORD007208,Pune,delivered,13.0,Late
ORD007210,Rajasthan,delivered,4.0,On Time
ORD007211,Uttar Pradesh,delivered,3.0,On Time
ORD007212,Gujarat,delivered,1.0,On Time
ORD007214,Telangana,delivered,11.0,Late
ORD007217,Maharashtra,delivered,15.0,Late
ORD007219,Madhya Pradesh,delivered,1.0,On Time
ORD007223,Telangana,delivered,4.0,On Time
ORD007225,Haryana,delivered,10.0,Late
ORD007227,Haryana,delivered,12.0,Late
ORD007232,Madhya Pradesh,delivered,7.0,Late
ORD007233,Bihar,delivered,6.0,Late
ORD007235,Madhya Pradesh,delivered,8.0,Late
ORD007236,West Bengal,delivered,12.0,Late
ORD007240,Delhi,delivered,6.0,Late
ORD007241,Delhi,delivered,10.0,Late
ORD007242,Karnataka,delivered,11.0,Late
ORD007243,Karnataka,delivered,11.0,Late
ORD007245,Bihar,delivered,11.0,Late
ORD007248,Bihar,delivered,7.0,On Time
ORD007249,Karnataka,delivered,3.0,On Time
ORD007251,Bihar,delivered,10.0,Late
ORD007253,Madhya Pradesh,delivered,8.0,Late
ORD007254,Maharashtra,delivered,6.0,Late
ORD007255,Rajasthan,delivered,5.0,Late
ORD007257,Tamil Nadu,delivered,7.0,On Time
ORD007258,Madhya Pradesh,delivered,6.0,Late
ORD007259,Tamil Nadu,delivered,6.0,Late
ORD007260,Odisha,delivered,6.0,On Time
ORD007261,Maharashtra,delivered,2.0,On Time
ORD007263,Uttar Pradesh,delivered,8.0,Late
ORD007265,Tamil Nadu,delivered,8.0,Late
ORD007266,Madhya Pradesh,delivered,10.0,Late
ORD007269,Maharashtra,delivered,3.0,On Time
ORD007270,Tamil Nadu,delivered,1.0,On Time
ORD007274,Haryana,delivered,4.0,Late
ORD007275,Maharashtra,delivered,9.0,On Time
ORD007278,Pune,delivered,10.0,Late
ORD007281,Haryana,delivered,12.0,Late
ORD007287,Delhi,delivered,5.0,Late
ORD007289,Delhi,delivered,8.0,On Time
ORD007290,Madhya Pradesh,delivered,8.0,Late
ORD007292,West Bengal,delivered,10.0,Late
ORD007293,Karnataka,delivered,8.0,On Time
ORD007294,Maharashtra,delivered,5.0,On Time
ORD007295,Karnataka,delivered,6.0,Late
ORD007296,Karnataka,delivered,7.0,On Time
ORD007297,Delhi,delivered,8.0,Late
ORD007298,Maharashtra,delivered,8.0,Late
ORD007300,West Bengal,delivered,8.0,Late
ORD007301,West Bengal,delivered,6.0,On Time
ORD007304,Gujarat,delivered,6.0,On Time
ORD007310,Tamil Nadu,delivered,14.0,Late
ORD007311,Uttar Pradesh,delivered,9.0,Late
ORD007314,Odisha,delivered,7.0,Late
ORD007315,Karnataka,delivered,12.0,Late
ORD007317,Tamil Nadu,delivered,7.0,Late
ORD007318,Odisha,delivered,8.0,Late
ORD007320,Tamil Nadu,delivered,10.0,Late
ORD007321,Gujarat,delivered,10.0,Late
ORD007324,Pune,delivered,12.0,Late
ORD007327,Delhi,delivered,9.0,On Time
ORD007328,Telangana,delivered,11.0,Late
ORD007329,Maharashtra,delivered,13.0,Late
ORD007330,Telangana,delivered,7.0,Late
ORD007331,Pune,delivered,7.0,Late
ORD007335,Odisha,delivered,6.0,On Time
ORD007336,Tamil Nadu,delivered,9.0,Late
ORD007337,Bihar,delivered,11.0,Late
ORD007338,Madhya Pradesh,delivered,5.0,On Time
ORD007339,Pune,delivered,4.0,On Time
ORD007340,Karnataka,delivered,14.0,Late
ORD007342,West Bengal,delivered,4.0,On Time
ORD007343,Delhi,delivered,5.0,Late
ORD007344,Maharashtra,delivered,13.0,Late
ORD007346,Rajasthan,delivered,8.0,Late
ORD007349,Rajasthan,delivered,8.0,Late
ORD007350,Haryana,delivered,1.0,On Time
ORD007351,Uttar Pradesh,delivered,3.0,On Time
ORD007353,Madhya Pradesh,delivered,8.0,Late
ORD007361,Uttar Pradesh,delivered,11.0,Late
ORD007363,Karnataka,delivered,5.0,Late
ORD007366,Telangana,delivered,10.0,Late
ORD007370,Tamil Nadu,delivered,15.0,Late
ORD007371,Gujarat,delivered,7.0,On Time
ORD007372,Telangana,delivered,8.0,Late
ORD007373,Odisha,delivered,4.0,Late
ORD007375,Kerala,delivered,8.0,On Time
ORD007378,Tamil Nadu,delivered,12.0,Late
ORD007383,Tamil Nadu,delivered,3.0,On Time
ORD007384,Gujarat,delivered,3.0,On Time
ORD007385,Bihar,delivered,6.0,Late
ORD007390,West Bengal,delivered,8.0,Late
ORD007393,Karnataka,delivered,6.0,On Time
ORD007394,Gujarat,delivered,5.0,On Time
ORD007395,Telangana,delivered,8.0,On Time
ORD007396,Kerala,delivered,8.0,Late
ORD007398,Delhi,delivered,7.0,Late
ORD007399,Haryana,delivered,8.0,Late
ORD007400,Gujarat,delivered,9.0,Late
ORD007401,Kerala,delivered,5.0,On Time
ORD007402,Tamil Nadu,delivered,10.0,On Time
ORD007406,Gujarat,delivered,7.0,Late
ORD007407,West Bengal,delivered,10.0,On Time
ORD007409,Gujarat,delivered,7.0,On Time
ORD007410,Haryana,delivered,8.0,Late
ORD007412,Haryana,delivered,13.0,Late
ORD007415,Uttar Pradesh,delivered,7.0,On Time
ORD007422,West Bengal,delivered,7.0,On Time
ORD007428,Haryana,delivered,11.0,Late
ORD007429,Bihar,delivered,7.0,Late
ORD007437,Delhi,delivered,7.0,On Time
ORD007438,Kerala,delivered,11.0,Late
ORD007443,Telangana,delivered,7.0,Late
ORD007444,Telangana,delivered,11.0,Late
ORD007445,Rajasthan,delivered,4.0,On Time
ORD007448,Madhya Pradesh,delivered,10.0,On Time
ORD007450,Rajasthan,delivered,7.0,Late
ORD007451,Karnataka,delivered,7.0,Late
ORD007452,Uttar Pradesh,delivered,15.0,Late
ORD007453,Odisha,delivered,3.0,On Time
ORD007454,Maharashtra,delivered,10.0,Late
ORD007455,Bihar,delivered,7.0,On Time
ORD007456,Maharashtra,delivered,11.0,Late
ORD007457,Delhi,delivered,8.0,On Time
ORD007461,Bihar,delivered,10.0,Late
ORD007463,Gujarat,delivered,11.0,Late
ORD007464,Bihar,delivered,10.0,On Time
ORD007465,Haryana,delivered,8.0,Late
ORD007467,Bihar,delivered,5.0,Late
ORD007468,Pune,delivered,14.0,Late
ORD007469,Kerala,delivered,7.0,Late
ORD007471,Delhi,delivered,7.0,On Time
ORD007475,West Bengal,delivered,6.0,Late
ORD007482,Pune,delivered,7.0,Late
ORD007483,Delhi,delivered,5.0,On Time
ORD007484,Delhi,delivered,4.0,Late
ORD007487,Delhi,delivered,12.0,Late
ORD007489,Karnataka,delivered,7.0,Late
ORD007491,Karnataka,delivered,9.0,Late
ORD007493,Bihar,delivered,2.0,On Time
ORD007494,Delhi,delivered,11.0,Late
ORD007496,Tamil Nadu,delivered,2.0,On Time
ORD007499,Madhya Pradesh,delivered,10.0,Late
ORD007500,Haryana,delivered,3.0,On Time
ORD007503,Kerala,delivered,5.0,On Time
ORD007506,Bihar,delivered,2.0,On Time
ORD007507,West Bengal,delivered,12.0,Late
ORD007508,Bihar,delivered,7.0,On Time
ORD007509,Gujarat,delivered,8.0,On Time
ORD007513,Gujarat,delivered,8.0,Late
ORD007516,Haryana,delivered,7.0,Late
ORD007517,Karnataka,delivered,8.0,Late
ORD007518,Haryana,delivered,5.0,Late
ORD007519,West Bengal,delivered,3.0,On Time
ORD007520,Maharashtra,delivered,8.0,On Time
ORD007521,Telangana,delivered,6.0,On Time
ORD007522,Delhi,delivered,14.0,Late
ORD007524,Tamil Nadu,delivered,14.0,Late
ORD007525,Rajasthan,delivered,9.0,Late
ORD007529,Tamil Nadu,delivered,6.0,Late
ORD007532,Delhi,delivered,9.0,Late
ORD007533,Gujarat,delivered,7.0,Late
ORD007536,Kerala,delivered,3.0,On Time
ORD007537,Madhya Pradesh,delivered,5.0,On Time
ORD007540,Rajasthan,delivered,3.0,On Time
ORD007541,Rajasthan,delivered,7.0,Late
ORD007545,Maharashtra,delivered,9.0,Late
ORD007547,Rajasthan,delivered,12.0,Late
ORD007548,West Bengal,delivered,10.0,Late
ORD007549,Madhya Pradesh,delivered,8.0,Late
ORD007555,Haryana,delivered,4.0,On Time
ORD007557,Rajasthan,delivered,5.0,On Time
ORD007558,Delhi,delivered,8.0,On Time
ORD007559,Rajasthan,delivered,2.0,On Time
ORD007560,Delhi,delivered,5.0,Late
ORD007561,Karnataka,delivered,12.0,Late
ORD007565,Rajasthan,delivered,12.0,Late
ORD007567,Tamil Nadu,delivered,4.0,Late
ORD007570,Telangana,delivered,8.0,On Time
ORD007573,Gujarat,delivered,5.0,Late
ORD007576,Uttar Pradesh,delivered,1.0,On Time
ORD007579,West Bengal,delivered,5.0,On Time
ORD007580,West Bengal,delivered,9.0,Late
ORD007581,Rajasthan,delivered,9.0,On Time
ORD007582,West Bengal,delivered,11.0,Late
ORD007584,Gujarat,delivered,13.0,Late
ORD007589,Gujarat,delivered,1.0,On Time
ORD007590,Maharashtra,delivered,12.0,Late
ORD007592,Kerala,delivered,13.0,Late
ORD007593,Gujarat,delivered,10.0,Late
ORD007594,Gujarat,delivered,11.0,Late
ORD007598,Uttar Pradesh,delivered,11.0,Late
ORD007599,Delhi,delivered,10.0,Late
ORD007601,Tamil Nadu,delivered,12.0,Late
ORD007602,Kerala,delivered,5.0,Late
ORD007611,Pune,delivered,13.0,Late
ORD007612,Karnataka,delivered,11.0,Late
ORD007613,Telangana,delivered,9.0,Late
ORD007614,Rajasthan,delivered,9.0,On Time
ORD007616,Kerala,delivered,3.0,On Time
ORD007618,West Bengal,delivered,11.0,Late
ORD007620,Bihar,delivered,2.0,On Time
ORD007621,Madhya Pradesh,delivered,6.0,On Time
ORD007623,Karnataka,delivered,11.0,Late
ORD007624,Haryana,delivered,3.0,On Time
ORD007626,Haryana,delivered,11.0,Late
ORD007627,Kerala,delivered,4.0,On Time
ORD007628,Madhya Pradesh,delivered,7.0,On Time
ORD007633,Telangana,delivered,7.0,Late
ORD007634,Kerala,delivered,10.0,Late
ORD007636,Gujarat,delivered,7.0,Late
ORD007638,Tamil Nadu,delivered,6.0,Late
ORD007639,Gujarat,delivered,10.0,Late
ORD007640,Odisha,delivered,6.0,Late
ORD007642,West Bengal,delivered,13.0,Late
ORD007643,West Bengal,delivered,9.0,Late
ORD007646,Madhya Pradesh,delivered,9.0,Late
ORD007648,Madhya Pradesh,delivered,11.0,Late
ORD007649,Odisha,delivered,8.0,Late
ORD007650,Rajasthan,delivered,8.0,Late
ORD007653,Uttar Pradesh,delivered,6.0,On Time
ORD007654,Gujarat,delivered,14.0,Late
ORD007657,Karnataka,delivered,8.0,Late
ORD007661,Bihar,delivered,6.0,On Time
ORD007662,Maharashtra,delivered,9.0,Late
ORD007663,Uttar Pradesh,delivered,1.0,On Time
ORD007664,Kerala,delivered,12.0,Late
ORD007667,Kerala,delivered,7.0,Late
ORD007669,Karnataka,delivered,10.0,Late
ORD007670,Kerala,delivered,11.0,Late
ORD007673,West Bengal,delivered,14.0,Late
ORD007674,Odisha,delivered,10.0,Late
ORD007675,Rajasthan,delivered,8.0,Late
ORD007678,Rajasthan,delivered,14.0,Late
ORD007679,Bihar,delivered,4.0,On Time
ORD007682,Gujarat,delivered,4.0,On Time
ORD007685,Karnataka,delivered,6.0,On Time
ORD007688,Bihar,delivered,7.0,Late
ORD007689,Pune,delivered,7.0,Late
ORD007693,Karnataka,delivered,9.0,Late
ORD007698,Uttar Pradesh,delivered,7.0,Late
ORD007699,Kerala,delivered,6.0,On Time
ORD007700,Bihar,delivered,3.0,On Time
ORD007701,Uttar Pradesh,delivered,14.0,Late
ORD007703,Gujarat,delivered,10.0,Late
ORD007706,Tamil Nadu,delivered,4.0,On Time
ORD007708,Delhi,delivered,5.0,Late
ORD007709,Haryana,delivered,10.0,Late
ORD007710,Gujarat,delivered,12.0,Late
ORD007711,Maharashtra,delivered,9.0,On Time
ORD007713,Maharashtra,delivered,10.0,Late
ORD007714,Pune,delivered,8.0,On Time
ORD007718,Odisha,delivered,6.0,On Time
ORD007719,Rajasthan,delivered,9.0,Late
ORD007721,Kerala,delivered,9.0,Late
ORD007722,Uttar Pradesh,delivered,10.0,Late
ORD007724,Maharashtra,delivered,10.0,Late
ORD007728,West Bengal,delivered,7.0,Late
ORD007729,Karnataka,delivered,8.0,On Time
ORD007731,Rajasthan,delivered,9.0,Late
ORD007734,Madhya Pradesh,delivered,9.0,Late
ORD007737,Karnataka,delivered,3.0,On Time
ORD007738,Maharashtra,delivered,11.0,Late
ORD007740,Delhi,delivered,12.0,Late
ORD007741,Odisha,delivered,12.0,Late
ORD007742,Uttar Pradesh,delivered,5.0,On Time
ORD007746,Pune,delivered,8.0,Late
ORD007753,Tamil Nadu,delivered,5.0,On Time
ORD007754,Madhya Pradesh,delivered,9.0,Late
ORD007756,Karnataka,delivered,8.0,Late
ORD007761,Delhi,delivered,9.0,Late
ORD007762,Madhya Pradesh,delivered,7.0,Late
ORD007763,Kerala,delivered,7.0,On Time
ORD007767,Haryana,delivered,7.0,Late
ORD007768,Haryana,delivered,8.0,Late
ORD007770,West Bengal,delivered,10.0,Late
ORD007771,Uttar Pradesh,delivered,4.0,On Time
ORD007772,Bihar,delivered,7.0,Late
ORD007773,Delhi,delivered,11.0,Late
ORD007774,Delhi,delivered,4.0,On Time
ORD007776,Haryana,delivered,13.0,Late
ORD007779,Kerala,delivered,8.0,Late
ORD007780,Pune,delivered,7.0,Late
ORD007788,Telangana,delivered,13.0,Late
ORD007789,Maharashtra,delivered,7.0,Late
ORD007790,Rajasthan,delivered,5.0,On Time
ORD007793,Odisha,delivered,5.0,Late
ORD007797,Telangana,delivered,6.0,Late
ORD007798,Kerala,delivered,4.0,On Time
ORD007800,Uttar Pradesh,delivered,9.0,Late
ORD007801,Tamil Nadu,delivered,6.0,Late
ORD007804,Gujarat,delivered,9.0,On Time
ORD007805,Pune,delivered,2.0,On Time
ORD007807,Pune,delivered,9.0,On Time
ORD007808,Gujarat,delivered,9.0,On Time
ORD007811,Bihar,delivered,7.0,Late
ORD007812,Odisha,delivered,3.0,On Time
ORD007815,Maharashtra,delivered,12.0,Late
ORD007817,Gujarat,delivered,8.0,On Time
ORD007819,Rajasthan,delivered,7.0,Late
ORD007823,Kerala,delivered,8.0,On Time
ORD007824,Kerala,delivered,7.0,On Time
ORD007825,Bihar,delivered,5.0,Late
ORD007826,Kerala,delivered,12.0,Late
ORD007827,Delhi,delivered,2.0,On Time
ORD007828,Karnataka,delivered,12.0,Late
ORD007829,Delhi,delivered,5.0,On Time
ORD007832,Rajasthan,delivered,10.0,Late
ORD007836,Maharashtra,delivered,2.0,On Time
ORD007838,Madhya Pradesh,delivered,15.0,Late
ORD007839,Bihar,delivered,11.0,Late
ORD007840,West Bengal,delivered,7.0,Late
ORD007841,West Bengal,delivered,10.0,Late
ORD007842,Madhya Pradesh,delivered,8.0,On Time
ORD007844,Kerala,delivered,7.0,On Time
ORD007848,Delhi,delivered,10.0,Late
ORD007849,Haryana,delivered,3.0,On Time
ORD007853,Odisha,delivered,6.0,Late
ORD007854,Kerala,delivered,13.0,Late
ORD007856,Rajasthan,delivered,5.0,On Time
ORD007860,Telangana,delivered,8.0,Late
ORD007862,Rajasthan,delivered,2.0,On Time
ORD007866,West Bengal,delivered,4.0,On Time
ORD007871,Maharashtra,delivered,14.0,Late
ORD007872,Uttar Pradesh,delivered,7.0,On Time
ORD007874,Rajasthan,delivered,2.0,On Time
ORD007875,Telangana,delivered,4.0,On Time
ORD007876,Karnataka,delivered,3.0,On Time
ORD007877,Rajasthan,delivered,14.0,Late
ORD007878,Uttar Pradesh,delivered,12.0,Late
ORD007880,Karnataka,delivered,13.0,Late
ORD007882,Karnataka,delivered,13.0,Late
ORD007884,Haryana,delivered,10.0,Late
ORD007885,Pune,delivered,12.0,Late
ORD007887,Madhya Pradesh,delivered,13.0,Late
ORD007891,Telangana,delivered,12.0,Late
ORD007897,Odisha,delivered,8.0,Late
ORD007898,Bihar,delivered,4.0,Late
ORD007899,Haryana,delivered,6.0,On Time
ORD007901,Karnataka,delivered,11.0,Late
ORD007903,Maharashtra,delivered,12.0,Late
ORD007904,Gujarat,delivered,10.0,Late
ORD007907,Haryana,delivered,4.0,On Time
ORD007908,Karnataka,delivered,7.0,Late
ORD007909,Odisha,delivered,12.0,Late
ORD007912,Gujarat,delivered,8.0,Late
ORD007914,Karnataka,delivered,7.0,Late
ORD007915,Haryana,delivered,9.0,Late
ORD007916,Pune,delivered,7.0,On Time
ORD007917,Madhya Pradesh,delivered,7.0,Late
ORD007922,Uttar Pradesh,delivered,13.0,Late
ORD007923,Rajasthan,delivered,5.0,On Time
ORD007926,Haryana,delivered,9.0,Late
ORD007930,Kerala,delivered,1.0,On Time
ORD007933,Rajasthan,delivered,9.0,Late
ORD007935,Tamil Nadu,delivered,14.0,Late
ORD007937,West Bengal,delivered,8.0,Late
ORD007938,Tamil Nadu,delivered,8.0,On Time
ORD007939,Telangana,delivered,4.0,On Time
ORD007942,Gujarat,delivered,8.0,Late
ORD007943,Bihar,delivered,13.0,Late
ORD007944,Gujarat,delivered,10.0,Late
ORD007946,Gujarat,delivered,12.0,Late
ORD007950,West Bengal,delivered,7.0,Late
ORD007956,Delhi,delivered,3.0,On Time
ORD007957,Uttar Pradesh,delivered,8.0,On Time
ORD007959,Rajasthan,delivered,5.0,On Time
ORD007960,Haryana,delivered,6.0,On Time
ORD007961,Maharashtra,delivered,6.0,Late
ORD007962,Uttar Pradesh,delivered,5.0,Late
ORD007963,Telangana,delivered,6.0,Late
ORD007964,Pune,delivered,6.0,Late
ORD007965,Madhya Pradesh,delivered,7.0,Late
ORD007966,Rajasthan,delivered,8.0,Late
ORD007967,Kerala,delivered,8.0,On Time
ORD007969,Kerala,delivered,2.0,On Time
ORD007971,West Bengal,delivered,7.0,Late
ORD007973,Odisha,delivered,13.0,Late
ORD007974,Uttar Pradesh,delivered,5.0,Late
ORD007975,Tamil Nadu,delivered,8.0,On Time
ORD007976,Haryana,delivered,3.0,On Time
ORD007980,Karnataka,delivered,3.0,On Time
ORD007985,Bihar,delivered,11.0,Late
ORD007986,Tamil Nadu,delivered,10.0,Late
ORD007995,Odisha,delivered,8.0,Late
ORD008002,Rajasthan,delivered,15.0,Late
ORD008004,Karnataka,delivered,5.0,On Time
ORD008006,Delhi,delivered,1.0,On Time
ORD008007,Kerala,delivered,8.0,Late
ORD008008,Telangana,delivered,10.0,Late
ORD008009,Uttar Pradesh,delivered,3.0,On Time
ORD008011,Odisha,delivered,4.0,On Time
ORD008013,Madhya Pradesh,delivered,11.0,Late
ORD008018,Maharashtra,delivered,11.0,Late
ORD008019,Gujarat,delivered,5.0,Late
ORD008021,Uttar Pradesh,delivered,11.0,Late
ORD008024,Madhya Pradesh,delivered,14.0,Late
ORD008028,Kerala,delivered,5.0,Late
ORD008029,Tamil Nadu,delivered,10.0,Late
ORD008030,Uttar Pradesh,delivered,10.0,Late
ORD008031,Telangana,delivered,9.0,Late
ORD008035,Uttar Pradesh,delivered,12.0,Late
ORD008036,Tamil Nadu,delivered,8.0,On Time
ORD008037,Pune,delivered,11.0,Late
ORD008039,Madhya Pradesh,delivered,2.0,On Time
ORD008040,Tamil Nadu,delivered,9.0,Late
ORD008042,Maharashtra,delivered,3.0,On Time
ORD008045,Delhi,delivered,11.0,Late
ORD008046,Uttar Pradesh,delivered,7.0,Late
ORD008048,Rajasthan,delivered,7.0,Late
ORD008050,Haryana,delivered,5.0,On Time
ORD008051,Pune,delivered,6.0,On Time
ORD008054,Haryana,delivered,2.0,On Time
ORD008056,Karnataka,delivered,11.0,Late
ORD008062,Maharashtra,delivered,14.0,Late
ORD008063,Bihar,delivered,15.0,Late
ORD008064,Kerala,delivered,11.0,Late
ORD008066,Maharashtra,delivered,7.0,Late
ORD008069,Maharashtra,delivered,11.0,Late
ORD008070,Delhi,delivered,1.0,On Time
ORD008071,West Bengal,delivered,7.0,On Time
ORD008072,Madhya Pradesh,delivered,9.0,Late
ORD008073,Odisha,delivered,3.0,On Time
ORD008076,Uttar Pradesh,delivered,5.0,Late
ORD008077,Haryana,delivered,3.0,On Time
ORD008080,Pune,delivered,11.0,Late
ORD008084,Kerala,delivered,2.0,On Time
ORD008086,Telangana,delivered,5.0,Late
ORD008089,Haryana,delivered,7.0,Late
ORD008090,Gujarat,delivered,7.0,Late
ORD008091,Telangana,delivered,2.0,On Time
ORD008093,Tamil Nadu,delivered,8.0,Late
ORD008099,Pune,delivered,9.0,Late
ORD008100,Bihar,delivered,3.0,On Time
ORD008101,Rajasthan,delivered,10.0,Late
ORD008103,Gujarat,delivered,8.0,Late
ORD008105,Delhi,delivered,10.0,Late
ORD008106,Gujarat,delivered,9.0,On Time
ORD008108,Bihar,delivered,7.0,On Time
ORD008109,Odisha,delivered,7.0,On Time
ORD008110,Gujarat,delivered,4.0,On Time
ORD008112,Pune,delivered,10.0,On Time
ORD008113,Karnataka,delivered,3.0,On Time
ORD008117,West Bengal,delivered,7.0,Late
ORD008118,Telangana,delivered,6.0,On Time
ORD008119,Madhya Pradesh,delivered,9.0,Late
ORD008120,West Bengal,delivered,7.0,Late
ORD008121,Rajasthan,delivered,7.0,On Time
ORD008123,Odisha,delivered,6.0,On Time
ORD008128,Uttar Pradesh,delivered,7.0,On Time
ORD008130,Haryana,delivered,11.0,Late
ORD008133,Karnataka,delivered,7.0,On Time
ORD008134,Odisha,delivered,7.0,On Time
ORD008135,Bihar,delivered,3.0,On Time
ORD008138,Kerala,delivered,11.0,Late
ORD008139,Delhi,delivered,3.0,On Time
ORD008147,Kerala,delivered,7.0,Late
ORD008148,Pune,delivered,9.0,Late
ORD008151,Delhi,delivered,15.0,Late
ORD008152,Delhi,delivered,8.0,Late
ORD008154,Karnataka,delivered,3.0,On Time
ORD008155,Bihar,delivered,7.0,On Time
ORD008156,Delhi,delivered,9.0,Late
ORD008157,Pune,delivered,7.0,Late
ORD008159,Telangana,delivered,10.0,Late
ORD008160,Telangana,delivered,10.0,On Time
ORD008163,Uttar Pradesh,delivered,9.0,Late
ORD008164,Karnataka,delivered,5.0,On Time
ORD008165,Karnataka,delivered,10.0,Late
ORD008166,Telangana,delivered,11.0,Late
ORD008169,Bihar,delivered,1.0,On Time
ORD008170,West Bengal,delivered,9.0,Late
ORD008171,Maharashtra,delivered,5.0,Late
ORD008172,Madhya Pradesh,delivered,11.0,Late
ORD008174,Kerala,delivered,12.0,Late
ORD008176,Kerala,delivered,8.0,Late
ORD008177,Maharashtra,delivered,10.0,Late
ORD008181,Maharashtra,delivered,5.0,On Time
ORD008183,Bihar,delivered,10.0,Late
ORD008186,Uttar Pradesh,delivered,7.0,On Time
ORD008189,Delhi,delivered,14.0,Late
ORD008191,Pune,delivered,13.0,Late
ORD008192,Pune,delivered,8.0,Late
ORD008197,Odisha,delivered,6.0,Late
ORD008198,West Bengal,delivered,7.0,Late
ORD008208,Rajasthan,delivered,8.0,On Time
ORD008209,Madhya Pradesh,delivered,7.0,Late
ORD008210,Pune,delivered,12.0,Late
ORD008212,Karnataka,delivered,6.0,Late
ORD008214,Kerala,delivered,4.0,On Time
ORD008215,Maharashtra,delivered,13.0,Late
ORD008216,Rajasthan,delivered,14.0,Late
ORD008217,Rajasthan,delivered,6.0,On Time
ORD008221,West Bengal,delivered,7.0,Late
ORD008222,Odisha,delivered,4.0,Late
ORD008223,Uttar Pradesh,delivered,9.0,On Time
ORD008226,Pune,delivered,10.0,Late
ORD008231,Odisha,delivered,10.0,On Time
ORD008232,Bihar,delivered,11.0,Late
ORD008233,Odisha,delivered,8.0,Late
ORD008234,Gujarat,delivered,12.0,Late
ORD008236,Haryana,delivered,5.0,On Time
ORD008237,Uttar Pradesh,delivered,7.0,Late
ORD008242,Odisha,delivered,8.0,On Time
ORD008244,Haryana,delivered,8.0,On Time
ORD008246,Odisha,delivered,7.0,Late
ORD008247,Gujarat,delivered,10.0,Late
ORD008249,Rajasthan,delivered,6.0,On Time
ORD008250,West Bengal,delivered,13.0,Late
ORD008252,Kerala,delivered,7.0,On Time
ORD008253,Kerala,delivered,6.0,Late
ORD008256,Maharashtra,delivered,8.0,On Time
ORD008257,Maharashtra,delivered,11.0,Late
ORD008258,Maharashtra,delivered,7.0,On Time
ORD008263,Bihar,delivered,8.0,On Time
ORD008264,West Bengal,delivered,1.0,On Time
ORD008265,Maharashtra,delivered,4.0,On Time
ORD008268,Rajasthan,delivered,4.0,On Time
ORD008269,Uttar Pradesh,delivered,7.0,Late
ORD008271,Odisha,delivered,9.0,Late
ORD008274,Karnataka,delivered,10.0,On Time
ORD008275,Gujarat,delivered,6.0,Late
ORD008279,Pune,delivered,7.0,On Time
ORD008280,Rajasthan,delivered,9.0,Late
ORD008282,Uttar Pradesh,delivered,9.0,Late
ORD008283,Uttar Pradesh,delivered,11.0,Late
ORD008284,Haryana,delivered,11.0,Late
ORD008287,Telangana,delivered,10.0,Late
ORD008290,Delhi,delivered,3.0,On Time
ORD008291,Tamil Nadu,delivered,9.0,Late
ORD008293,Uttar Pradesh,delivered,10.0,Late
ORD008295,Maharashtra,delivered,1.0,On Time
ORD008296,Uttar Pradesh,delivered,13.0,Late
ORD008298,Karnataka,delivered,9.0,Late
ORD008300,Bihar,delivered,12.0,Late
ORD008305,Madhya Pradesh,delivered,10.0,Late
ORD008306,Kerala,delivered,10.0,Late
ORD008312,Karnataka,delivered,4.0,On Time
ORD008313,Rajasthan,delivered,9.0,Late
ORD008314,Madhya Pradesh,delivered,10.0,Late
ORD008317,West Bengal,delivered,3.0,On Time
ORD008318,West Bengal,delivered,7.0,On Time
ORD008319,Madhya Pradesh,delivered,9.0,Late
ORD008323,Pune,delivered,7.0,On Time
ORD008324,Tamil Nadu,delivered,7.0,Late
ORD008326,Gujarat,delivered,8.0,On Time
ORD008327,Telangana,delivered,12.0,Late
ORD008333,Maharashtra,delivered,4.0,On Time
ORD008334,Bihar,delivered,13.0,Late
ORD008335,Odisha,delivered,8.0,Late
ORD008336,West Bengal,delivered,4.0,On Time
ORD008338,Kerala,delivered,12.0,Late
ORD008339,West Bengal,delivered,11.0,Late
ORD008341,Pune,delivered,9.0,Late
ORD008344,Bihar,delivered,7.0,On Time
ORD008345,Kerala,delivered,8.0,Late
ORD008349,Delhi,delivered,5.0,Late
ORD008351,Haryana,delivered,10.0,Late
ORD008352,Kerala,delivered,4.0,On Time
ORD008353,Madhya Pradesh,delivered,6.0,Late
ORD008354,Telangana,delivered,14.0,Late
ORD008355,Uttar Pradesh,delivered,3.0,On Time
ORD008359,Telangana,delivered,12.0,Late
ORD008361,Uttar Pradesh,delivered,13.0,Late
ORD008363,Pune,delivered,9.0,On Time
ORD008364,Tamil Nadu,delivered,10.0,Late
ORD008367,Gujarat,delivered,12.0,Late
ORD008368,Delhi,delivered,7.0,Late
ORD008370,Karnataka,delivered,8.0,Late
ORD008371,Gujarat,delivered,5.0,On Time
ORD008373,Odisha,delivered,3.0,On Time
ORD008375,Delhi,delivered,14.0,Late
ORD008382,Madhya Pradesh,delivered,11.0,Late
ORD008383,Bihar,delivered,6.0,Late
ORD008384,Rajasthan,delivered,7.0,Late
ORD008387,Kerala,delivered,6.0,Late
ORD008388,Bihar,delivered,2.0,On Time
ORD008392,Delhi,delivered,11.0,Late
ORD008393,Delhi,delivered,6.0,Late
ORD008394,Gujarat,delivered,6.0,Late
ORD008396,Bihar,delivered,5.0,Late
ORD008398,Odisha,delivered,7.0,On Time
ORD008399,Bihar,delivered,11.0,Late
ORD008401,Odisha,delivered,13.0,Late
ORD008403,Bihar,delivered,14.0,Late
ORD008408,Delhi,delivered,12.0,Late
ORD008411,Maharashtra,delivered,11.0,Late
ORD008414,Maharashtra,delivered,12.0,Late
ORD008415,Rajasthan,delivered,6.0,On Time
ORD008417,Kerala,delivered,5.0,On Time
ORD008421,Gujarat,delivered,11.0,Late
ORD008423,Delhi,delivered,11.0,Late
ORD008426,Bihar,delivered,7.0,On Time
ORD008428,West Bengal,delivered,7.0,On Time
ORD008429,Madhya Pradesh,delivered,4.0,On Time
ORD008430,Pune,delivered,13.0,Late
ORD008431,Gujarat,delivered,4.0,On Time
ORD008432,West Bengal,delivered,6.0,On Time
ORD008433,Karnataka,delivered,12.0,Late
ORD008435,Pune,delivered,9.0,On Time
ORD008440,Delhi,delivered,10.0,Late
ORD008441,Madhya Pradesh,delivered,9.0,Late
ORD008443,Karnataka,delivered,6.0,On Time
ORD008444,Kerala,delivered,12.0,Late
ORD008445,West Bengal,delivered,9.0,On Time
ORD008446,Gujarat,delivered,8.0,On Time
ORD008447,Telangana,delivered,11.0,Late
ORD008448,West Bengal,delivered,9.0,Late
ORD008449,Rajasthan,delivered,6.0,On Time
ORD008450,Haryana,delivered,6.0,On Time
ORD008452,Haryana,delivered,5.0,On Time
ORD008453,Gujarat,delivered,12.0,Late
ORD008454,Telangana,delivered,6.0,Late
ORD008457,Haryana,delivered,9.0,Late
ORD008461,West Bengal,delivered,5.0,On Time
ORD008463,Haryana,delivered,7.0,Late
ORD008464,Maharashtra,delivered,12.0,Late
ORD008467,Uttar Pradesh,delivered,10.0,On Time
ORD008472,Uttar Pradesh,delivered,7.0,Late
ORD008473,Rajasthan,delivered,7.0,Late
ORD008475,Kerala,delivered,7.0,On Time
ORD008477,Maharashtra,delivered,10.0,Late
ORD008478,Telangana,delivered,4.0,On Time
ORD008479,Pune,delivered,10.0,Late
ORD008482,Tamil Nadu,delivered,8.0,On Time
ORD008484,Madhya Pradesh,delivered,9.0,Late
ORD008485,Karnataka,delivered,12.0,Late
ORD008486,Bihar,delivered,13.0,Late
ORD008489,Delhi,delivered,5.0,On Time
ORD008492,Tamil Nadu,delivered,7.0,Late
ORD008493,Maharashtra,delivered,9.0,Late
ORD008494,Haryana,delivered,1.0,On Time
ORD008495,Pune,delivered,5.0,On Time
ORD008500,Pune,delivered,13.0,Late
ORD008502,Telangana,delivered,10.0,Late
ORD008507,Tamil Nadu,delivered,12.0,Late
ORD008510,Karnataka,delivered,2.0,On Time
ORD008512,Maharashtra,delivered,13.0,Late
ORD008513,Kerala,delivered,2.0,On Time
ORD008514,Gujarat,delivered,8.0,On Time
ORD008515,Maharashtra,delivered,10.0,Late
ORD008517,Tamil Nadu,delivered,10.0,Late
ORD008518,Odisha,delivered,9.0,Late
ORD008519,Madhya Pradesh,delivered,14.0,Late
ORD008520,Tamil Nadu,delivered,1.0,On Time
ORD008522,Delhi,delivered,9.0,Late
ORD008525,Bihar,delivered,5.0,On Time
ORD008527,Uttar Pradesh,delivered,12.0,Late
ORD008529,Uttar Pradesh,delivered,6.0,Late
ORD008530,Tamil Nadu,delivered,14.0,Late
ORD008534,Haryana,delivered,8.0,On Time
ORD008537,Kerala,delivered,4.0,Late
ORD008543,Kerala,delivered,5.0,On Time
ORD008544,Rajasthan,delivered,7.0,On Time
ORD008545,Maharashtra,delivered,11.0,Late
ORD008546,Pune,delivered,7.0,Late
ORD008551,Maharashtra,delivered,6.0,Late
ORD008552,Odisha,delivered,6.0,Late
ORD008553,Karnataka,delivered,9.0,On Time
ORD008554,Madhya Pradesh,delivered,5.0,Late
ORD008556,Odisha,delivered,6.0,On Time
ORD008557,West Bengal,delivered,4.0,On Time
ORD008559,Bihar,delivered,10.0,On Time
ORD008560,Delhi,delivered,4.0,On Time
ORD008563,Tamil Nadu,delivered,12.0,Late
ORD008565,West Bengal,delivered,9.0,On Time
ORD008568,Tamil Nadu,delivered,4.0,On Time
ORD008569,Madhya Pradesh,delivered,6.0,On Time
ORD008570,Rajasthan,delivered,7.0,On Time
ORD008572,Gujarat,delivered,6.0,On Time
ORD008574,Delhi,delivered,6.0,Late
ORD008576,Pune,delivered,13.0,Late
ORD008577,Bihar,delivered,8.0,Late
ORD008578,Haryana,delivered,12.0,Late
ORD008580,Delhi,delivered,13.0,Late
ORD008581,Uttar Pradesh,delivered,9.0,Late
ORD008583,Delhi,delivered,8.0,Late
ORD008586,Haryana,delivered,3.0,On Time
ORD008594,West Bengal,delivered,13.0,Late
ORD008595,Uttar Pradesh,delivered,7.0,Late
ORD008597,Karnataka,delivered,6.0,Late
ORD008599,Telangana,delivered,5.0,Late
ORD008600,Telangana,delivered,7.0,Late
ORD008602,Maharashtra,delivered,5.0,Late
ORD008603,Pune,delivered,7.0,On Time
ORD008605,Telangana,delivered,10.0,Late
ORD008606,Karnataka,delivered,14.0,Late
ORD008607,Uttar Pradesh,delivered,2.0,On Time
ORD008610,Haryana,delivered,12.0,Late
ORD008612,Karnataka,delivered,8.0,Late
ORD008613,Rajasthan,delivered,13.0,Late
ORD008616,Telangana,delivered,4.0,On Time
ORD008617,Kerala,delivered,14.0,Late
ORD008619,Delhi,delivered,8.0,Late
ORD008622,Telangana,delivered,7.0,Late
ORD008623,Gujarat,delivered,13.0,Late
ORD008624,Kerala,delivered,6.0,On Time
ORD008625,West Bengal,delivered,7.0,Late
ORD008627,Odisha,delivered,5.0,On Time
ORD008628,Odisha,delivered,5.0,On Time
ORD008629,Madhya Pradesh,delivered,2.0,On Time
ORD008630,Kerala,delivered,8.0,Late
ORD008633,Maharashtra,delivered,8.0,Late
ORD008635,Telangana,delivered,10.0,Late
ORD008638,Madhya Pradesh,delivered,11.0,Late
ORD008641,Maharashtra,delivered,4.0,Late
ORD008642,Pune,delivered,5.0,On Time
ORD008644,Uttar Pradesh,delivered,5.0,On Time
ORD008645,Delhi,delivered,11.0,Late
ORD008646,Madhya Pradesh,delivered,7.0,On Time
ORD008648,Karnataka,delivered,9.0,On Time
ORD008650,Maharashtra,delivered,7.0,Late
ORD008653,Karnataka,delivered,8.0,On Time
ORD008654,Tamil Nadu,delivered,14.0,Late
ORD008655,Kerala,delivered,8.0,On Time
ORD008659,Rajasthan,delivered,15.0,Late
ORD008661,Maharashtra,delivered,11.0,Late
ORD008663,Tamil Nadu,delivered,10.0,Late
ORD008664,Tamil Nadu,delivered,5.0,On Time
ORD008665,West Bengal,delivered,14.0,Late
ORD008668,Gujarat,delivered,12.0,Late
ORD008672,Telangana,delivered,9.0,Late
ORD008673,Kerala,delivered,12.0,Late
ORD008674,Telangana,delivered,4.0,On Time
ORD008675,Kerala,delivered,5.0,On Time
ORD008676,Delhi,delivered,5.0,Late
ORD008678,Maharashtra,delivered,7.0,On Time
ORD008679,Odisha,delivered,8.0,Late
ORD008681,Delhi,delivered,8.0,On Time
ORD008682,Madhya Pradesh,delivered,4.0,Late
ORD008686,Kerala,delivered,7.0,Late
ORD008693,West Bengal,delivered,5.0,On Time
ORD008696,Gujarat,delivered,10.0,Late
ORD008699,Karnataka,delivered,9.0,Late
ORD008702,Karnataka,delivered,9.0,On Time
ORD008705,Delhi,delivered,7.0,Late
ORD008706,West Bengal,delivered,9.0,Late
ORD008707,West Bengal,delivered,3.0,On Time
ORD008715,Tamil Nadu,delivered,11.0,Late
ORD008717,Delhi,delivered,8.0,Late
ORD008720,Bihar,delivered,4.0,On Time
ORD008721,Odisha,delivered,10.0,On Time
ORD008722,Haryana,delivered,1.0,On Time
ORD008724,Karnataka,delivered,8.0,Late
ORD008725,Kerala,delivered,11.0,Late
ORD008727,Kerala,delivered,3.0,On Time
ORD008728,Odisha,delivered,7.0,On Time
ORD008729,Rajasthan,delivered,11.0,Late
ORD008732,Tamil Nadu,delivered,6.0,Late
ORD008734,Bihar,delivered,11.0,Late
ORD008736,Maharashtra,delivered,4.0,Late
ORD008740,Gujarat,delivered,3.0,On Time
ORD008741,Telangana,delivered,9.0,Late
ORD008747,Maharashtra,delivered,9.0,Late
ORD008749,Uttar Pradesh,delivered,12.0,Late
ORD008750,Telangana,delivered,4.0,On Time
ORD008751,Delhi,delivered,7.0,On Time
ORD008753,Madhya Pradesh,delivered,8.0,Late
ORD008757,Madhya Pradesh,delivered,10.0,Late
ORD008764,Gujarat,delivered,7.0,On Time
ORD008766,West Bengal,delivered,1.0,On Time
ORD008767,Maharashtra,delivered,11.0,Late
ORD008772,Maharashtra,delivered,4.0,On Time
ORD008774,West Bengal,delivered,11.0,Late
ORD008776,Maharashtra,delivered,4.0,On Time
ORD008779,Kerala,delivered,4.0,On Time
ORD008780,Madhya Pradesh,delivered,10.0,Late
ORD008787,Karnataka,delivered,9.0,Late
ORD008788,Gujarat,delivered,10.0,Late
ORD008791,Maharashtra,delivered,11.0,Late
ORD008794,Maharashtra,delivered,6.0,On Time
ORD008795,Tamil Nadu,delivered,7.0,Late
ORD008796,Rajasthan,delivered,12.0,Late
ORD008801,Telangana,delivered,7.0,Late
ORD008802,Delhi,delivered,3.0,On Time
ORD008803,Bihar,delivered,12.0,Late
ORD008804,Madhya Pradesh,delivered,11.0,Late
ORD008806,Uttar Pradesh,delivered,9.0,Late
ORD008808,Uttar Pradesh,delivered,6.0,On Time
ORD008809,Karnataka,delivered,8.0,Late
ORD008811,West Bengal,delivered,4.0,Late
ORD008813,Karnataka,delivered,11.0,Late
ORD008814,Odisha,delivered,4.0,On Time
ORD008816,Pune,delivered,6.0,Late
ORD008819,Madhya Pradesh,delivered,9.0,Late
ORD008822,Odisha,delivered,6.0,Late
ORD008829,Madhya Pradesh,delivered,13.0,Late
ORD008830,Karnataka,delivered,10.0,Late
ORD008831,Karnataka,delivered,12.0,Late
ORD008832,Telangana,delivered,14.0,Late
ORD008833,Haryana,delivered,9.0,On Time
ORD008834,Telangana,delivered,12.0,Late
ORD008835,Odisha,delivered,11.0,Late
ORD008836,Tamil Nadu,delivered,7.0,Late
ORD008838,Madhya Pradesh,delivered,8.0,Late
ORD008839,Pune,delivered,10.0,Late
ORD008841,Gujarat,delivered,10.0,Late
ORD008843,Delhi,delivered,4.0,On Time
ORD008844,Karnataka,delivered,10.0,On Time
ORD008845,Pune,delivered,12.0,Late
ORD008846,Madhya Pradesh,delivered,10.0,Late
ORD008848,Odisha,delivered,8.0,Late
ORD008849,Odisha,delivered,5.0,On Time
ORD008850,Pune,delivered,8.0,On Time
ORD008851,West Bengal,delivered,6.0,On Time
ORD008853,Maharashtra,delivered,2.0,On Time
ORD008855,Odisha,delivered,10.0,Late
ORD008856,Telangana,delivered,10.0,Late
ORD008857,Telangana,delivered,3.0,On Time
ORD008858,Tamil Nadu,delivered,9.0,Late
ORD008859,Karnataka,delivered,14.0,Late
ORD008860,Delhi,delivered,8.0,Late
ORD008862,Haryana,delivered,8.0,Late
ORD008863,Pune,delivered,8.0,On Time
ORD008866,Bihar,delivered,6.0,Late
ORD008867,Gujarat,delivered,2.0,On Time
ORD008868,Delhi,delivered,14.0,Late
ORD008869,Karnataka,delivered,9.0,Late
ORD008876,Rajasthan,delivered,6.0,On Time
ORD008877,Kerala,delivered,6.0,On Time
ORD008879,Maharashtra,delivered,7.0,Late
ORD008881,Maharashtra,delivered,5.0,Late
ORD008883,Madhya Pradesh,delivered,7.0,Late
ORD008884,West Bengal,delivered,10.0,Late
ORD008885,Madhya Pradesh,delivered,2.0,On Time
ORD008886,West Bengal,delivered,8.0,Late
ORD008887,Rajasthan,delivered,5.0,On Time
ORD008889,Karnataka,delivered,9.0,Late
ORD008891,Madhya Pradesh,delivered,8.0,Late
ORD008895,Telangana,delivered,9.0,Late
ORD008896,Madhya Pradesh,delivered,10.0,On Time
ORD008897,Kerala,delivered,9.0,Late
ORD008898,Haryana,delivered,10.0,Late
ORD008900,Kerala,delivered,9.0,On Time
ORD008901,Bihar,delivered,14.0,Late
ORD008902,West Bengal,delivered,13.0,Late
ORD008904,Odisha,delivered,7.0,Late
ORD008905,Telangana,delivered,7.0,Late
ORD008906,Rajasthan,delivered,1.0,On Time
ORD008909,Rajasthan,delivered,6.0,Late
ORD008911,Rajasthan,delivered,3.0,On Time
ORD008914,Pune,delivered,5.0,Late
ORD008915,Gujarat,delivered,11.0,Late
ORD008916,Madhya Pradesh,delivered,7.0,On Time
ORD008920,Madhya Pradesh,delivered,12.0,Late
ORD008923,Haryana,delivered,7.0,On Time
ORD008925,Kerala,delivered,9.0,On Time
ORD008926,West Bengal,delivered,14.0,Late
ORD008927,Kerala,delivered,3.0,On Time
ORD008929,Odisha,delivered,8.0,On Time
ORD008930,Pune,delivered,6.0,Late
ORD008931,Bihar,delivered,7.0,On Time
ORD008935,Uttar Pradesh,delivered,11.0,Late
ORD008937,Karnataka,delivered,9.0,On Time
ORD008938,Bihar,delivered,6.0,On Time
ORD008940,Delhi,delivered,8.0,On Time
ORD008941,Madhya Pradesh,delivered,8.0,Late
ORD008942,Madhya Pradesh,delivered,13.0,Late
ORD008943,Madhya Pradesh,delivered,5.0,On Time
ORD008945,Odisha,delivered,12.0,Late
ORD008947,Rajasthan,delivered,5.0,Late
ORD008948,Rajasthan,delivered,2.0,On Time
ORD008949,Madhya Pradesh,delivered,6.0,On Time
ORD008950,Gujarat,delivered,13.0,Late
ORD008951,Rajasthan,delivered,6.0,On Time
ORD008953,Telangana,delivered,10.0,Late
ORD008956,Odisha,delivered,12.0,Late
ORD008957,Uttar Pradesh,delivered,11.0,Late
ORD008960,Uttar Pradesh,delivered,10.0,Late
ORD008961,Tamil Nadu,delivered,6.0,Late
ORD008964,Haryana,delivered,5.0,On Time
ORD008965,Maharashtra,delivered,15.0,Late
ORD008966,Tamil Nadu,delivered,9.0,Late
ORD008968,Gujarat,delivered,2.0,On Time
ORD008969,Madhya Pradesh,delivered,8.0,On Time
ORD008970,Uttar Pradesh,delivered,11.0,Late
ORD008973,Telangana,delivered,10.0,Late
ORD008975,Telangana,delivered,10.0,Late
ORD008976,Maharashtra,delivered,3.0,On Time
ORD008978,Maharashtra,delivered,6.0,Late
ORD008980,Maharashtra,delivered,3.0,On Time
ORD008981,Madhya Pradesh,delivered,9.0,Late
ORD008985,Pune,delivered,9.0,Late
ORD008987,Kerala,delivered,15.0,Late
ORD008988,Delhi,delivered,4.0,On Time
ORD008990,Rajasthan,delivered,9.0,Late
ORD008992,Odisha,delivered,4.0,Late
ORD008993,Maharashtra,delivered,12.0,Late
ORD008995,Pune,delivered,8.0,On Time
ORD008997,Kerala,delivered,8.0,Late
ORD008999,Rajasthan,delivered,4.0,On Time
ORD009000,Odisha,delivered,11.0,Late
ORD009001,Tamil Nadu,delivered,9.0,Late
ORD009002,Gujarat,delivered,1.0,On Time
ORD009006,Maharashtra,delivered,12.0,Late
ORD009009,Telangana,delivered,10.0,On Time
ORD009012,Madhya Pradesh,delivered,9.0,Late
ORD009016,Haryana,delivered,5.0,Late
ORD009017,Gujarat,delivered,10.0,On Time
ORD009018,Rajasthan,delivered,8.0,On Time
ORD009020,Pune,delivered,7.0,On Time
ORD009022,Pune,delivered,12.0,Late
ORD009023,Kerala,delivered,7.0,Late
ORD009024,West Bengal,delivered,7.0,On Time
ORD009025,Karnataka,delivered,13.0,Late
ORD009026,Maharashtra,delivered,7.0,On Time
ORD009027,Karnataka,delivered,10.0,Late
ORD009036,Uttar Pradesh,delivered,2.0,On Time
ORD009038,Rajasthan,delivered,13.0,Late
ORD009040,Odisha,delivered,7.0,Late
ORD009043,West Bengal,delivered,13.0,Late
ORD009044,Telangana,delivered,5.0,On Time
ORD009045,Rajasthan,delivered,11.0,Late
ORD009046,Uttar Pradesh,delivered,5.0,On Time
ORD009048,Karnataka,delivered,15.0,Late
ORD009049,Telangana,delivered,11.0,Late
ORD009052,Rajasthan,delivered,3.0,On Time
ORD009053,Rajasthan,delivered,11.0,Late
ORD009054,Maharashtra,delivered,8.0,Late
ORD009055,Rajasthan,delivered,12.0,Late
ORD009056,Tamil Nadu,delivered,3.0,On Time
ORD009057,Madhya Pradesh,delivered,2.0,On Time
ORD009059,Bihar,delivered,8.0,On Time
ORD009060,Gujarat,delivered,10.0,Late
ORD009061,Tamil Nadu,delivered,9.0,Late
ORD009062,Uttar Pradesh,delivered,3.0,On Time
ORD009063,Uttar Pradesh,delivered,7.0,On Time
ORD009065,Uttar Pradesh,delivered,3.0,On Time
ORD009068,West Bengal,delivered,9.0,Late
ORD009069,Uttar Pradesh,delivered,13.0,Late
ORD009070,Maharashtra,delivered,9.0,Late
ORD009074,Uttar Pradesh,delivered,9.0,Late
ORD009076,Maharashtra,delivered,12.0,Late
ORD009077,Odisha,delivered,7.0,On Time
ORD009078,Odisha,delivered,13.0,Late
ORD009080,Bihar,delivered,8.0,On Time
ORD009082,Haryana,delivered,7.0,Late
ORD009084,Bihar,delivered,12.0,Late
ORD009087,West Bengal,delivered,8.0,On Time
ORD009088,Delhi,delivered,10.0,On Time
ORD009089,Tamil Nadu,delivered,7.0,On Time
ORD009090,Rajasthan,delivered,12.0,Late
ORD009094,Pune,delivered,11.0,Late
ORD009095,Maharashtra,delivered,14.0,Late
ORD009097,Telangana,delivered,3.0,On Time
ORD009098,Bihar,delivered,8.0,On Time
ORD009099,Haryana,delivered,7.0,Late
ORD009100,Madhya Pradesh,delivered,6.0,Late
ORD009102,Rajasthan,delivered,3.0,On Time
ORD009103,Madhya Pradesh,delivered,9.0,On Time
ORD009108,Pune,delivered,3.0,On Time
ORD009109,Kerala,delivered,7.0,On Time
ORD009111,Gujarat,delivered,2.0,On Time
ORD009112,Haryana,delivered,1.0,On Time
ORD009113,Uttar Pradesh,delivered,5.0,On Time
ORD009115,Rajasthan,delivered,8.0,Late
ORD009116,West Bengal,delivered,10.0,On Time
ORD009117,Maharashtra,delivered,1.0,On Time
ORD009119,Delhi,delivered,6.0,Late
ORD009120,Kerala,delivered,14.0,Late
ORD009122,Tamil Nadu,delivered,6.0,Late
ORD009124,Maharashtra,delivered,4.0,On Time
ORD009125,Odisha,delivered,6.0,On Time
ORD009126,Bihar,delivered,8.0,Late
ORD009127,Maharashtra,delivered,14.0,Late
ORD009128,West Bengal,delivered,8.0,Late
ORD009129,West Bengal,delivered,6.0,Late
ORD009132,Delhi,delivered,6.0,Late
ORD009133,Maharashtra,delivered,11.0,Late
ORD009134,Telangana,delivered,10.0,Late
ORD009135,Gujarat,delivered,9.0,On Time
ORD009136,Uttar Pradesh,delivered,9.0,Late
ORD009140,Gujarat,delivered,10.0,On Time
ORD009148,Madhya Pradesh,delivered,11.0,Late
ORD009149,Telangana,delivered,6.0,Late
ORD009150,Pune,delivered,12.0,Late
ORD009152,Haryana,delivered,10.0,Late
ORD009154,Haryana,delivered,11.0,Late
ORD009158,Pune,delivered,10.0,On Time
ORD009159,Telangana,delivered,7.0,Late
ORD009160,Odisha,delivered,4.0,On Time
ORD009162,Maharashtra,delivered,2.0,On Time
ORD009164,Rajasthan,delivered,11.0,Late
ORD009168,Karnataka,delivered,13.0,Late
ORD009172,Gujarat,delivered,5.0,Late
ORD009174,Uttar Pradesh,delivered,6.0,Late
ORD009177,Maharashtra,delivered,9.0,Late
ORD009178,Haryana,delivered,8.0,Late
ORD009179,Telangana,delivered,5.0,Late
ORD009180,Maharashtra,delivered,11.0,Late
ORD009182,Haryana,delivered,12.0,Late
ORD009184,Uttar Pradesh,delivered,11.0,Late
ORD009187,West Bengal,delivered,14.0,Late
ORD009188,Tamil Nadu,delivered,11.0,Late
ORD009197,Maharashtra,delivered,9.0,On Time
ORD009198,Uttar Pradesh,delivered,13.0,Late
ORD009202,Telangana,delivered,9.0,On Time
ORD009204,Rajasthan,delivered,13.0,Late
ORD009205,Karnataka,delivered,6.0,Late
ORD009206,Delhi,delivered,7.0,On Time
ORD009210,Kerala,delivered,13.0,Late
ORD009217,West Bengal,delivered,5.0,On Time
ORD009218,Kerala,delivered,9.0,Late
ORD009219,Uttar Pradesh,delivered,6.0,Late
ORD009220,Telangana,delivered,6.0,Late
ORD009222,Odisha,delivered,11.0,Late
ORD009223,Bihar,delivered,7.0,Late
ORD009228,Uttar Pradesh,delivered,10.0,On Time
ORD009233,Tamil Nadu,delivered,7.0,Late
ORD009234,Rajasthan,delivered,6.0,On Time
ORD009236,Maharashtra,delivered,9.0,Late
ORD009240,Madhya Pradesh,delivered,10.0,Late
ORD009243,Haryana,delivered,6.0,Late
ORD009244,Maharashtra,delivered,8.0,Late
ORD009245,Telangana,delivered,9.0,On Time
ORD009251,Haryana,delivered,3.0,On Time
ORD009252,Telangana,delivered,9.0,Late
ORD009254,Maharashtra,delivered,6.0,Late
ORD009255,Uttar Pradesh,delivered,9.0,Late
ORD009260,Rajasthan,delivered,9.0,On Time
ORD009263,Haryana,delivered,8.0,On Time
ORD009266,Rajasthan,delivered,12.0,Late
ORD009271,Haryana,delivered,12.0,Late
ORD009272,Rajasthan,delivered,13.0,Late
ORD009273,Madhya Pradesh,delivered,6.0,Late
ORD009276,Uttar Pradesh,delivered,11.0,Late
ORD009279,Pune,delivered,8.0,Late
ORD009281,Gujarat,delivered,7.0,Late
ORD009282,West Bengal,delivered,10.0,Late
ORD009286,Kerala,delivered,10.0,Late
ORD009287,Tamil Nadu,delivered,3.0,On Time
ORD009291,Haryana,delivered,9.0,On Time
ORD009294,Karnataka,delivered,13.0,Late
ORD009298,Delhi,delivered,7.0,On Time
ORD009299,Delhi,delivered,6.0,Late
ORD009302,Karnataka,delivered,4.0,On Time
ORD009303,Tamil Nadu,delivered,3.0,On Time
ORD009304,Karnataka,delivered,11.0,Late
ORD009305,Maharashtra,delivered,3.0,On Time
ORD009306,Rajasthan,delivered,10.0,Late
ORD009307,Tamil Nadu,delivered,13.0,Late
ORD009308,Gujarat,delivered,9.0,Late
ORD009310,Bihar,delivered,9.0,Late
ORD009312,Bihar,delivered,9.0,Late
ORD009317,Haryana,delivered,3.0,On Time
ORD009318,Telangana,delivered,4.0,On Time
ORD009321,Gujarat,delivered,3.0,On Time
ORD009322,Rajasthan,delivered,10.0,Late
ORD009325,Maharashtra,delivered,10.0,Late
ORD009327,Delhi,delivered,5.0,Late
ORD009328,Karnataka,delivered,12.0,Late
ORD009331,West Bengal,delivered,3.0,On Time
ORD009334,West Bengal,delivered,10.0,Late
ORD009336,Tamil Nadu,delivered,2.0,On Time
ORD009341,West Bengal,delivered,13.0,Late
ORD009342,Bihar,delivered,11.0,Late
ORD009344,Maharashtra,delivered,10.0,On Time
ORD009345,Haryana,delivered,3.0,On Time
ORD009347,Kerala,delivered,10.0,Late
ORD009350,Delhi,delivered,11.0,Late
ORD009351,Madhya Pradesh,delivered,14.0,Late
ORD009353,Pune,delivered,6.0,On Time
ORD009354,Uttar Pradesh,delivered,4.0,Late
ORD009355,Haryana,delivered,2.0,On Time
ORD009356,Madhya Pradesh,delivered,10.0,Late
ORD009357,Karnataka,delivered,5.0,Late
ORD009358,Madhya Pradesh,delivered,11.0,Late
ORD009359,Delhi,delivered,8.0,Late
ORD009361,Uttar Pradesh,delivered,9.0,Late
ORD009362,Karnataka,delivered,12.0,Late
ORD009363,Maharashtra,delivered,9.0,Late
ORD009366,Maharashtra,delivered,3.0,On Time
ORD009367,Madhya Pradesh,delivered,10.0,Late
ORD009369,Haryana,delivered,14.0,Late
ORD009373,Haryana,delivered,4.0,On Time
ORD009375,Rajasthan,delivered,12.0,Late
ORD009376,Kerala,delivered,5.0,On Time
ORD009377,Odisha,delivered,10.0,Late
ORD009378,Madhya Pradesh,delivered,1.0,On Time
ORD009379,Maharashtra,delivered,4.0,On Time
ORD009380,Karnataka,delivered,8.0,On Time
ORD009383,Odisha,delivered,9.0,On Time
ORD009385,Maharashtra,delivered,5.0,On Time
ORD009387,West Bengal,delivered,8.0,Late
ORD009390,Bihar,delivered,6.0,Late
ORD009393,Gujarat,delivered,5.0,Late
ORD009395,Rajasthan,delivered,9.0,On Time
ORD009397,Delhi,delivered,7.0,Late
ORD009398,Rajasthan,delivered,5.0,Late
ORD009399,Tamil Nadu,delivered,10.0,Late
ORD009404,Delhi,delivered,10.0,Late
ORD009405,Karnataka,delivered,11.0,Late
ORD009406,Rajasthan,delivered,8.0,On Time
ORD009409,Delhi,delivered,11.0,Late
ORD009410,Gujarat,delivered,9.0,Late
ORD009412,Rajasthan,delivered,7.0,On Time
ORD009413,Telangana,delivered,4.0,On Time
ORD009422,Bihar,delivered,7.0,On Time
ORD009425,Pune,delivered,6.0,On Time
ORD009426,Rajasthan,delivered,4.0,Late
ORD009427,Bihar,delivered,5.0,On Time
ORD009429,Odisha,delivered,1.0,On Time
ORD009431,Gujarat,delivered,2.0,On Time
ORD009441,West Bengal,delivered,6.0,Late
ORD009442,Rajasthan,delivered,8.0,On Time
ORD009443,Odisha,delivered,8.0,On Time
ORD009446,Tamil Nadu,delivered,11.0,Late
ORD009449,Delhi,delivered,3.0,On Time
ORD009450,Uttar Pradesh,delivered,11.0,Late
ORD009451,Tamil Nadu,delivered,1.0,On Time
ORD009452,West Bengal,delivered,8.0,Late
ORD009453,Telangana,delivered,10.0,Late
ORD009454,Gujarat,delivered,14.0,Late
ORD009455,Kerala,delivered,10.0,Late
ORD009461,Delhi,delivered,6.0,On Time
ORD009462,Uttar Pradesh,delivered,12.0,Late
ORD009467,Odisha,delivered,11.0,Late
ORD009469,Gujarat,delivered,9.0,On Time
ORD009470,Kerala,delivered,6.0,On Time
ORD009472,Madhya Pradesh,delivered,11.0,Late
ORD009473,Haryana,delivered,8.0,Late
ORD009474,Haryana,delivered,6.0,Late
ORD009476,Karnataka,delivered,8.0,Late
ORD009478,Maharashtra,delivered,2.0,On Time
ORD009481,Rajasthan,delivered,11.0,Late
ORD009482,Tamil Nadu,delivered,10.0,Late
ORD009484,Odisha,delivered,6.0,Late
ORD009486,Rajasthan,delivered,9.0,Late
ORD009487,Pune,delivered,5.0,Late
ORD009490,Odisha,delivered,5.0,Late
ORD009491,Uttar Pradesh,delivered,4.0,On Time
ORD009492,Uttar Pradesh,delivered,12.0,Late
ORD009493,Gujarat,delivered,5.0,On Time
ORD009497,Maharashtra,delivered,10.0,Late
ORD009498,Tamil Nadu,delivered,8.0,Late
ORD009499,Tamil Nadu,delivered,5.0,On Time
ORD009500,Gujarat,delivered,8.0,Late
ORD009505,Gujarat,delivered,9.0,Late
ORD009511,Pune,delivered,2.0,On Time
ORD009513,Uttar Pradesh,delivered,12.0,Late
ORD009514,Rajasthan,delivered,10.0,Late
ORD009516,Pune,delivered,3.0,On Time
ORD009517,Uttar Pradesh,delivered,9.0,Late
ORD009518,Gujarat,delivered,3.0,On Time
ORD009519,Gujarat,delivered,6.0,Late
ORD009520,Kerala,delivered,4.0,On Time
ORD009521,Rajasthan,delivered,6.0,On Time
ORD009522,Odisha,delivered,7.0,On Time
ORD009523,Madhya Pradesh,delivered,9.0,Late
ORD009525,Bihar,delivered,12.0,Late
ORD009526,Tamil Nadu,delivered,3.0,On Time
ORD009527,Pune,delivered,10.0,Late
ORD009528,Haryana,delivered,5.0,On Time
ORD009532,Pune,delivered,13.0,Late
ORD009533,Madhya Pradesh,delivered,7.0,Late
ORD009534,Uttar Pradesh,delivered,8.0,Late
ORD009535,Pune,delivered,8.0,On Time
ORD009536,Telangana,delivered,6.0,On Time
ORD009537,Rajasthan,delivered,14.0,Late
ORD009540,Haryana,delivered,11.0,Late
ORD009542,Telangana,delivered,10.0,Late
ORD009544,Uttar Pradesh,delivered,9.0,On Time
ORD009546,Madhya Pradesh,delivered,7.0,On Time
ORD009547,Bihar,delivered,8.0,On Time
ORD009549,Tamil Nadu,delivered,3.0,On Time
ORD009553,Madhya Pradesh,delivered,14.0,Late
ORD009555,Pune,delivered,12.0,Late
ORD009556,Pune,delivered,3.0,On Time
ORD009559,Gujarat,delivered,3.0,On Time
ORD009560,Gujarat,delivered,5.0,On Time
ORD009562,Maharashtra,delivered,6.0,Late
ORD009563,Haryana,delivered,2.0,On Time
ORD009568,Pune,delivered,7.0,Late
ORD009569,Uttar Pradesh,delivered,11.0,Late
ORD009573,Gujarat,delivered,3.0,On Time
ORD009575,Kerala,delivered,9.0,On Time
ORD009576,Pune,delivered,7.0,Late
ORD009577,Maharashtra,delivered,11.0,Late
ORD009578,Odisha,delivered,7.0,Late
ORD009580,Uttar Pradesh,delivered,12.0,Late
ORD009582,Kerala,delivered,10.0,Late
ORD009584,Rajasthan,delivered,10.0,On Time
ORD009585,Madhya Pradesh,delivered,9.0,Late
ORD009587,Karnataka,delivered,11.0,Late
ORD009588,Maharashtra,delivered,5.0,On Time
ORD009589,West Bengal,delivered,13.0,Late
ORD009592,Karnataka,delivered,3.0,On Time
ORD009593,Madhya Pradesh,delivered,10.0,Late
ORD009594,Uttar Pradesh,delivered,7.0,On Time
ORD009596,Rajasthan,delivered,9.0,Late
ORD009598,Tamil Nadu,delivered,10.0,Late
ORD009601,Karnataka,delivered,12.0,Late
ORD009604,Pune,delivered,11.0,Late
ORD009605,Delhi,delivered,13.0,Late
ORD009607,Odisha,delivered,4.0,On Time
ORD009610,Bihar,delivered,6.0,On Time
ORD009612,Karnataka,delivered,11.0,Late
ORD009613,Haryana,delivered,13.0,Late
ORD009614,Tamil Nadu,delivered,7.0,Late
ORD009615,Gujarat,delivered,9.0,Late
ORD009617,Uttar Pradesh,delivered,9.0,Late
ORD009618,Madhya Pradesh,delivered,11.0,Late
ORD009619,Madhya Pradesh,delivered,5.0,Late
ORD009621,Pune,delivered,12.0,Late
ORD009622,Uttar Pradesh,delivered,4.0,On Time
ORD009623,Odisha,delivered,12.0,Late
ORD009624,Madhya Pradesh,delivered,1.0,On Time
ORD009626,West Bengal,delivered,4.0,Late
ORD009627,Haryana,delivered,8.0,Late
ORD009630,Uttar Pradesh,delivered,5.0,Late
ORD009631,Tamil Nadu,delivered,1.0,On Time
ORD009632,Uttar Pradesh,delivered,12.0,Late
ORD009635,Gujarat,delivered,5.0,Late
ORD009637,Kerala,delivered,9.0,On Time
ORD009638,Gujarat,delivered,6.0,On Time
ORD009641,Maharashtra,delivered,2.0,On Time
ORD009642,Tamil Nadu,delivered,8.0,On Time
ORD009643,Pune,delivered,10.0,Late
ORD009645,Rajasthan,delivered,6.0,Late
ORD009646,Madhya Pradesh,delivered,3.0,On Time
ORD009647,Karnataka,delivered,4.0,On Time
ORD009650,Odisha,delivered,13.0,Late
ORD009651,Uttar Pradesh,delivered,4.0,On Time
ORD009653,Haryana,delivered,8.0,Late
ORD009654,Delhi,delivered,9.0,Late
ORD009656,Rajasthan,delivered,7.0,On Time
ORD009658,Gujarat,delivered,9.0,Late
ORD009659,Odisha,delivered,8.0,Late
ORD009662,West Bengal,delivered,7.0,On Time
ORD009665,Tamil Nadu,delivered,14.0,Late
ORD009666,Gujarat,delivered,5.0,Late
ORD009667,Tamil Nadu,delivered,7.0,Late
ORD009668,Kerala,delivered,9.0,Late
ORD009669,Rajasthan,delivered,4.0,On Time
ORD009670,West Bengal,delivered,9.0,Late
ORD009673,Maharashtra,delivered,9.0,On Time
ORD009674,Pune,delivered,7.0,Late
ORD009676,Uttar Pradesh,delivered,5.0,Late
ORD009678,Bihar,delivered,8.0,Late
ORD009679,Rajasthan,delivered,4.0,On Time
ORD009682,Madhya Pradesh,delivered,9.0,Late
ORD009685,Madhya Pradesh,delivered,2.0,On Time
ORD009686,Bihar,delivered,9.0,On Time
ORD009689,Odisha,delivered,5.0,Late
ORD009690,West Bengal,delivered,9.0,Late
ORD009696,Gujarat,delivered,13.0,Late
ORD009697,Kerala,delivered,11.0,Late
ORD009700,West Bengal,delivered,7.0,Late
ORD009702,Karnataka,delivered,12.0,Late
ORD009704,Kerala,delivered,11.0,Late
ORD009708,Rajasthan,delivered,9.0,On Time
ORD009709,Delhi,delivered,7.0,Late
ORD009712,Uttar Pradesh,delivered,6.0,On Time
ORD009714,Maharashtra,delivered,11.0,Late
ORD009715,Rajasthan,delivered,4.0,On Time
ORD009717,Telangana,delivered,5.0,On Time
ORD009718,Pune,delivered,8.0,On Time
ORD009720,Haryana,delivered,14.0,Late
ORD009721,Pune,delivered,14.0,Late
ORD009723,Madhya Pradesh,delivered,11.0,Late
ORD009724,Rajasthan,delivered,12.0,Late
ORD009725,Karnataka,delivered,4.0,On Time
ORD009726,Madhya Pradesh,delivered,13.0,Late
ORD009727,Madhya Pradesh,delivered,7.0,Late
ORD009730,Pune,delivered,1.0,On Time
ORD009731,Madhya Pradesh,delivered,8.0,On Time
ORD009732,Rajasthan,delivered,12.0,Late
ORD009733,Madhya Pradesh,delivered,11.0,Late
ORD009734,Karnataka,delivered,8.0,Late
ORD009735,Madhya Pradesh,delivered,12.0,Late
ORD009738,Tamil Nadu,delivered,11.0,Late
ORD009739,West Bengal,delivered,4.0,On Time
ORD009742,West Bengal,delivered,9.0,Late
ORD009743,West Bengal,delivered,11.0,Late
ORD009745,Delhi,delivered,6.0,Late
ORD009747,Madhya Pradesh,delivered,9.0,Late
ORD009748,Madhya Pradesh,delivered,13.0,Late
ORD009750,Maharashtra,delivered,8.0,On Time
ORD009755,Telangana,delivered,4.0,On Time
ORD009758,Tamil Nadu,delivered,4.0,On Time
ORD009761,Bihar,delivered,9.0,On Time
ORD009766,Gujarat,delivered,11.0,Late
ORD009767,Odisha,delivered,6.0,On Time
ORD009770,Karnataka,delivered,3.0,On Time
ORD009771,Tamil Nadu,delivered,8.0,On Time
ORD009773,Maharashtra,delivered,2.0,On Time
ORD009774,Haryana,delivered,10.0,Late
ORD009775,West Bengal,delivered,10.0,Late
ORD009776,Bihar,delivered,12.0,Late
ORD009777,Telangana,delivered,10.0,Late
ORD009780,Tamil Nadu,delivered,6.0,On Time
ORD009781,Bihar,delivered,12.0,Late
ORD009782,Telangana,delivered,10.0,On Time
ORD009786,Maharashtra,delivered,10.0,Late
ORD009788,Bihar,delivered,8.0,Late
ORD009789,Kerala,delivered,9.0,Late
ORD009790,Odisha,delivered,3.0,On Time
ORD009791,Kerala,delivered,7.0,On Time
ORD009797,Pune,delivered,7.0,Late
ORD009798,Gujarat,delivered,3.0,On Time
ORD009800,Delhi,delivered,4.0,On Time
ORD009802,Rajasthan,delivered,3.0,On Time
ORD009803,Maharashtra,delivered,5.0,On Time
ORD009804,Madhya Pradesh,delivered,11.0,Late
ORD009805,Tamil Nadu,delivered,8.0,Late
ORD009807,Maharashtra,delivered,8.0,Late
ORD009810,Telangana,delivered,9.0,Late
ORD009813,Kerala,delivered,10.0,Late
ORD009816,West Bengal,delivered,5.0,Late
ORD009817,Odisha,delivered,8.0,Late
ORD009823,Pune,delivered,8.0,On Time
ORD009824,Odisha,delivered,4.0,Late
ORD009826,Madhya Pradesh,delivered,7.0,On Time
ORD009827,Telangana,delivered,13.0,Late
ORD009830,Odisha,delivered,3.0,On Time
ORD009832,Bihar,delivered,7.0,On Time
ORD009837,Rajasthan,delivered,10.0,Late
ORD009838,Karnataka,delivered,9.0,Late
ORD009841,Maharashtra,delivered,7.0,Late
ORD009842,Odisha,delivered,9.0,On Time
ORD009843,Karnataka,delivered,12.0,Late
ORD009844,Gujarat,delivered,7.0,Late
ORD009846,Tamil Nadu,delivered,9.0,Late
ORD009847,Karnataka,delivered,5.0,Late
ORD009850,Tamil Nadu,delivered,8.0,Late
ORD009851,Delhi,delivered,10.0,Late
ORD009855,Uttar Pradesh,delivered,10.0,Late
ORD009858,Bihar,delivered,7.0,Late
ORD009861,Karnataka,delivered,5.0,On Time
ORD009862,Uttar Pradesh,delivered,12.0,Late
ORD009865,Kerala,delivered,3.0,On Time
ORD009866,Tamil Nadu,delivered,7.0,Late
ORD009868,Bihar,delivered,8.0,On Time
ORD009871,Uttar Pradesh,delivered,1.0,On Time
ORD009872,Telangana,delivered,4.0,On Time
ORD009875,Odisha,delivered,8.0,Late
ORD009876,Gujarat,delivered,2.0,On Time
ORD009878,Bihar,delivered,8.0,Late
ORD009880,Uttar Pradesh,delivered,7.0,On Time
ORD009881,Uttar Pradesh,delivered,12.0,Late
ORD009882,Madhya Pradesh,delivered,4.0,On Time
ORD009883,Delhi,delivered,8.0,On Time
ORD009884,Delhi,delivered,13.0,Late
ORD009887,Rajasthan,delivered,10.0,Late
ORD009888,Uttar Pradesh,delivered,3.0,On Time
ORD009889,Telangana,delivered,6.0,On Time
ORD009890,Rajasthan,delivered,4.0,Late
ORD009891,Pune,delivered,1.0,On Time
ORD009892,Pune,delivered,11.0,Late
ORD009893,Karnataka,delivered,2.0,On Time
ORD009894,Haryana,delivered,13.0,Late
ORD009897,Telangana,delivered,7.0,On Time
ORD009898,Kerala,delivered,4.0,On Time
ORD009900,Madhya Pradesh,delivered,7.0,Late
ORD009906,Telangana,delivered,8.0,Late
ORD009907,Karnataka,delivered,5.0,On Time
ORD009910,Rajasthan,delivered,9.0,On Time
ORD009912,Maharashtra,delivered,9.0,Late
ORD009914,Madhya Pradesh,delivered,6.0,On Time
ORD009915,Gujarat,delivered,11.0,Late
ORD009916,West Bengal,delivered,7.0,On Time
ORD009917,Telangana,delivered,4.0,On Time
ORD009918,Delhi,delivered,4.0,On Time
ORD009919,Kerala,delivered,6.0,Late
ORD009921,Kerala,delivered,3.0,On Time
ORD009923,Delhi,delivered,8.0,Late
ORD009924,Uttar Pradesh,delivered,9.0,Late
ORD009926,Maharashtra,delivered,14.0,Late
ORD009930,Pune,delivered,5.0,On Time
ORD009931,Delhi,delivered,5.0,Late
ORD009933,Gujarat,delivered,1.0,On Time
ORD009935,Kerala,delivered,6.0,On Time
ORD009940,Rajasthan,delivered,11.0,Late
ORD009941,Bihar,delivered,7.0,On Time
ORD009943,Haryana,delivered,7.0,On Time
ORD009945,Madhya Pradesh,delivered,14.0,Late
ORD009948,Odisha,delivered,14.0,Late
ORD009949,Rajasthan,delivered,4.0,Late
ORD009950,Pune,delivered,5.0,On Time
ORD009951,Kerala,delivered,2.0,On Time
ORD009953,Karnataka,delivered,9.0,Late
ORD009954,Rajasthan,delivered,9.0,On Time
ORD009955,West Bengal,delivered,7.0,Late
ORD009958,Tamil Nadu,delivered,3.0,On Time
ORD009960,Delhi,delivered,9.0,Late
ORD009961,Maharashtra,delivered,11.0,Late
ORD009962,Kerala,delivered,15.0,Late
ORD009963,Kerala,delivered,3.0,On Time
ORD009966,Tamil Nadu,delivered,14.0,Late
ORD009968,Kerala,delivered,12.0,Late
ORD009969,Kerala,delivered,2.0,On Time
ORD009971,Madhya Pradesh,delivered,6.0,On Time
ORD009977,Odisha,delivered,7.0,Late
ORD009979,Haryana,delivered,7.0,On Time
ORD009982,Gujarat,delivered,7.0,On Time
ORD009986,Kerala,delivered,8.0,On Time
ORD009987,Uttar Pradesh,delivered,7.0,Late
ORD009988,Gujarat,delivered,11.0,Late
ORD009990,Uttar Pradesh,delivered,12.0,Late
ORD009992,West Bengal,delivered,9.0,Late
ORD009993,Tamil Nadu,delivered,8.0,Late
ORD009995,Gujarat,delivered,11.0,Late
ORD009997,Haryana,delivered,3.0,On Time
ORD009998,Uttar Pradesh,delivered,8.0,Late
